0, 546, 4,
1.1594202899e+00, 8.0577624830e+02, 1.9197470472e-13, 5.3000000000e+05, 
1.2485250779e+00, 8.4749064832e+02, 5.9706802128e+00, 5.6592187138e+05, 
2.2032102464e+00, 1.5831357251e+03, -2.6221323006e+01, 1.0794517181e+06, 
9.9655528419e-01, 6.8677464174e+02, -6.1396690959e+01, 4.3707338646e+05, 
1.1594202899e+00, 8.0577624830e+02, -1.5325905543e-13, 5.3000000000e+05, 
1.1155263159e+00, 7.8220147103e+02, 2.4856226683e+01, 5.1158301650e+05, 
1.0860120782e+00, 7.6651678162e+02, 5.3925761403e+01, 4.9920754940e+05, 
1.1166369760e+00, 7.8275289945e+02, 3.2076384314e+01, 5.1170205373e+05, 
1.4991448277e+00, 9.7137040388e+02, 8.0171407766e+00, 6.7086833953e+05, 
3.3675821845e+00, 1.7915106013e+03, -8.5326893586e+02, 1.6721944110e+06, 
2.5029977563e+00, 1.4570668882e+03, -3.9280442986e+02, 1.2055043670e+06, 
1.9052309285e+00, 1.2239091849e+03, 2.7008482186e+01, 8.5041609312e+05, 
2.5932210451e+00, 1.4881847945e+03, -2.1546620862e+02, 1.1599277483e+06, 
2.4303684339e+00, 1.4285773303e+03, -8.3550919977e+01, 1.1041440641e+06, 
2.4634304636e+00, 1.4390643763e+03, -8.2526221611e+01, 1.1434117501e+06, 
2.5284868983e+00, 1.4982457525e+03, -2.0912186384e+02, 1.1782693767e+06, 
1.8609444788e+00, 1.2754475184e+03, 2.9039397853e+01, 8.7172104438e+05, 
2.1711625856e+00, 1.4288976804e+03, -8.3677523865e+01, 1.0173455497e+06, 
2.2286102461e+00, 1.4600168645e+03, -1.0106107564e+02, 1.0494360328e+06, 
3.6521884637e+00, 2.2098024445e+03, -9.6851239976e+02, 1.9357161028e+06, 
3.1082936672e+00, 1.9927741064e+03, -6.8717954024e+02, 1.6465987226e+06, 
1.9894007456e+00, 1.4425239560e+03, 3.5380538661e+01, 9.7259685336e+05, 
2.8939121670e+00, 1.8110347977e+03, -2.6712535455e+02, 1.4100952672e+06, 
2.9900785687e+00, 1.8935749454e+03, -3.5149682410e+02, 1.4615143240e+06, 
1.6624881519e+00, 1.1861855645e+03, 1.0754825470e+02, 8.0583002340e+05, 
1.4836617208e+00, 1.0177585761e+03, 1.1585157552e+02, 7.0228606734e+05, 
1.3948824746e+00, 9.5476391299e+02, 8.7060320391e+01, 6.5408593471e+05, 
1.3017407333e+00, 8.9882193938e+02, 5.2689829296e+01, 6.0592206844e+05, 
1.2165831391e+00, 8.4397075449e+02, 2.0878193291e+01, 5.6058014752e+05, 
1.1749215713e+00, 8.1659405440e+02, 5.5023840436e+00, 5.3850681162e+05, 
1.1623577708e+00, 8.0783846953e+02, 1.0179240775e+00, 5.3161367751e+05, 
1.1596766957e+00, 8.0595932059e+02, 7.4371985915e-02, 5.3014273853e+05, 
1.1595990669e+00, 8.0590690560e+02, -5.0563533051e-02, 5.3010160667e+05, 
1.1605509863e+00, 8.0660049671e+02, -3.9470449873e-01, 5.3064151445e+05, 
1.1643037956e+00, 8.0948412363e+02, -1.7174796710e+00, 5.3287654798e+05, 
1.1730115003e+00, 8.1658758251e+02, -4.6094658899e+00, 5.3836509916e+05, 
1.1851812121e+00, 8.2688591911e+02, -8.7438776392e+00, 5.4631646744e+05, 
1.1920639838e+00, 8.3413505046e+02, -1.0485723152e+01, 5.5179689491e+05, 
1.1895950748e+00, 8.3341143778e+02, -8.6464374804e+00, 5.5099314093e+05, 
1.1805301275e+00, 8.1568548665e+02, -7.5454339543e+00, 5.3741871066e+05, 
1.1430737381e+00, 7.7874980009e+02, -2.4129133330e+01, 5.0874046099e+05, 
9.4927401831e-01, 6.4831891952e+02, -8.8187844202e+01, 4.0807445242e+05, 
8.5651147690e-01, 5.8223327325e+02, -1.1131713520e+02, 3.5578432556e+05, 
8.2578169178e-01, 5.6738445349e+02, -1.2189840912e+02, 3.4137659914e+05, 
7.0409337945e-01, 5.0621521115e+02, -1.5540400179e+02, 2.9592987575e+05, 
7.2555788013e-01, 5.3381034240e+02, -1.7623526268e+02, 3.1968131443e+05, 
4.9028564113e-01, 3.8872826201e+02, -1.7424098651e+02, 2.3610332919e+05, 
4.4090746035e-01, 3.6609293519e+02, -1.9736681748e+02, 2.2212405109e+05, 
6.4615212536e-01, 5.0868973718e+02, -1.8141868225e+02, 3.0802363893e+05, 
7.2873613429e-01, 5.5009875282e+02, -2.2163137481e+02, 3.4450891593e+05, 
6.5571749317e-01, 5.0006274205e+02, -2.8116138004e+02, 3.1437798747e+05, 
8.7524437900e-01, 6.1829057831e+02, -1.3364707910e+02, 3.9338051087e+05, 
9.5044012080e-01, 6.6477553493e+02, -8.0184357720e+01, 4.2030933675e+05, 
7.4570278988e-01, 5.5297170033e+02, -1.2779413108e+02, 3.3925816702e+05, 
8.4509973446e-01, 6.1986539980e+02, -1.1853104902e+02, 3.8739032389e+05, 
9.6094728364e-01, 6.9336702143e+02, -9.9267973136e+01, 4.4078356026e+05, 
9.0329539884e-01, 6.6412273931e+02, -1.0925751534e+02, 4.2060563373e+05, 
9.2970711180e-01, 6.8232222471e+02, -1.3090627807e+02, 4.3456639161e+05, 
1.1011819678e+00, 7.8194570961e+02, -1.5919060656e+02, 5.1087840795e+05, 
1.1355869620e+00, 7.9514046040e+02, -4.7842768372e+01, 5.2153848523e+05, 
1.1594202899e+00, 8.0577624830e+02, 6.0689080560e-14, 5.3000000000e+05, 
1.1594202899e+00, 8.0577624830e+02, -3.3212602685e-14, 5.3000000000e+05, 
1.1594202899e+00, 8.0577624830e+02, 5.1221283993e-16, 5.3000000000e+05, 
1.1594202899e+00, 8.0577624830e+02, 4.1963275815e-14, 5.3000000000e+05, 
1.1594202899e+00, 8.0577624830e+02, 5.3795804452e-14, 5.3000000000e+05, 
1.1594202899e+00, 8.0577624830e+02, 1.4182109222e-14, 5.3000000000e+05, 
1.1594202899e+00, 8.0577624830e+02, 4.0605681995e-14, 5.3000000000e+05, 
1.1594202899e+00, 8.0577624830e+02, -1.2077864936e-14, 5.3000000000e+05, 
1.1594202899e+00, 8.0577624830e+02, 1.5855477150e-14, 5.3000000000e+05, 
1.1594202899e+00, 8.0577624830e+02, -7.1034390400e-14, 5.3000000000e+05, 
1.1594202899e+00, 8.0577624830e+02, -3.3191092393e-14, 5.3000000000e+05, 
1.1594202899e+00, 8.0577624830e+02, 1.0873819430e-13, 5.3000000000e+05, 
1.1594202899e+00, 8.0577624830e+02, 2.5442048336e-14, 5.3000000000e+05, 
1.1594202899e+00, 8.0577624830e+02, 6.1186366159e-15, 5.3000000000e+05, 
1.1594202899e+00, 8.0577624830e+02, 6.3232413402e-14, 5.3000000000e+05, 
1.1594202899e+00, 8.0577624830e+02, 1.6721213380e-14, 5.3000000000e+05, 
1.1594202899e+00, 8.0577624830e+02, 1.2780604298e-16, 5.3000000000e+05, 
1.1594202899e+00, 8.0577624830e+02, -1.2456187086e-14, 5.3000000000e+05, 
1.1594202899e+00, 8.0577624830e+02, -3.8920989951e-15, 5.3000000000e+05, 
1.1594533451e+00, 8.0579782282e+02, -1.1431318026e-02, 5.3001699007e+05, 
1.1667038147e+00, 8.1035281178e+02, -2.4332720759e+00, 5.3363361332e+05, 
1.1837100597e+00, 8.2093392678e+02, 8.5555759862e+00, 5.4213649384e+05, 
1.1595383192e+00, 8.0584212365e+02, 3.7321428554e-02, 5.3005291396e+05, 
1.1622477992e+00, 8.0729337942e+02, -8.6170174380e-01, 5.3122794097e+05, 
1.1729574951e+00, 8.1311732781e+02, 4.3140336350e+00, 5.3597020062e+05, 
1.1773558372e+00, 8.1952471783e+02, -6.7980001419e+00, 5.4069079978e+05, 
1.1594202899e+00, 8.0577624830e+02, 1.6434335999e-13, 5.3000000000e+05, 
1.1594647977e+00, 8.0580566915e+02, 1.0424893449e-03, 5.3002313452e+05, 
1.1600917202e+00, 8.0609675274e+02, 1.8722116051e-01, 5.3026348296e+05, 
1.2382947412e+00, 8.6449632083e+02, -3.3099255085e+01, 5.7606296252e+05, 
1.1594489476e+00, 8.0579881962e+02, -7.5148956778e-03, 5.3001741707e+05, 
1.3576919184e+00, 9.3561550973e+02, 7.8972098170e+01, 6.3745744606e+05, 
1.1694050562e+00, 8.1070955826e+02, -2.9858672021e+00, 5.3406850865e+05, 
1.1910258420e+00, 8.2338408422e+02, 1.0410092256e+01, 5.4432338622e+05, 
1.3788159307e+00, 9.2810696366e+02, 8.3274915817e+01, 6.3465925316e+05, 
1.2663484341e+00, 8.6504199577e+02, -3.5425128627e+01, 5.7942452953e+05, 
1.1594202899e+00, 8.0577624830e+02, 1.4574060521e-14, 5.3000000000e+05, 
1.1594646739e+00, 8.0580322305e+02, 1.5334289730e-02, 5.3002142753e+05, 
1.2099667147e+00, 8.3794753070e+02, -1.9542989376e+01, 5.5568337190e+05, 
1.1695844186e+00, 8.1272633101e+02, -3.6993564687e+00, 5.3546883679e+05, 
1.1594202899e+00, 8.0577624830e+02, -2.8626688747e-14, 5.3000000000e+05, 
1.1618181687e+00, 8.0728963119e+02, -8.3933454026e-01, 5.3119855639e+05, 
1.1607875366e+00, 8.0682281431e+02, -4.9445054387e-01, 5.3081029615e+05, 
1.1709129835e+00, 8.1336829147e+02, 3.9934439708e+00, 5.3600288820e+05, 
1.1596030897e+00, 8.0588256379e+02, 6.0631251585e-02, 5.3008493809e+05, 
1.1594277352e+00, 8.0578063855e+02, -2.4254292981e-03, 5.3000350069e+05, 
1.1594202899e+00, 8.0577624830e+02, 6.4188612091e-14, 5.3000000000e+05, 
1.1871892906e+00, 8.2022841043e+02, 8.8082499648e+00, 5.4185122555e+05, 
1.3504977837e+00, 9.0882820247e+02, 6.5052623131e+01, 6.1573104140e+05, 
1.2237809627e+00, 8.4449942979e+02, -2.1177060062e+01, 5.6139173456e+05, 
1.1594202899e+00, 8.0577624830e+02, -3.3707218618e-14, 5.3000000000e+05, 
1.1594202899e+00, 8.0577624830e+02, 1.1365462825e-13, 5.3000000000e+05, 
1.3019684998e+00, 8.9693016228e+02, -5.1549123286e+01, 5.9777916939e+05, 
1.1594202899e+00, 8.0577624830e+02, -1.3109744267e-13, 5.3000000000e+05, 
1.4116619387e+00, 9.7480362532e+02, 1.0714353649e+02, 6.6865928034e+05, 
1.1662736544e+00, 8.1135276565e+02, -2.2490664573e+00, 5.3429688606e+05, 
1.2370429071e+00, 8.5011383681e+02, -2.6576662090e+01, 5.6553202821e+05, 
1.1595379491e+00, 8.0586514824e+02, -3.6426024437e-02, 5.3006889048e+05, 
1.1594202899e+00, 8.0577624830e+02, 2.5979279128e-14, 5.3000000000e+05, 
1.1802373893e+00, 8.1823072334e+02, 7.2894252610e+00, 5.4002653498e+05, 
1.1596744003e+00, 8.0593799772e+02, 8.8314487231e-02, 5.3012777375e+05, 
1.1612583076e+00, 8.0688907536e+02, 6.2536349314e-01, 5.3088534638e+05, 
1.1598320001e+00, 8.0605177944e+02, -1.3930222154e-01, 5.3021642495e+05, 
1.2010245131e+00, 8.3367557882e+02, -1.7395518771e+01, 5.4914652146e+05, 
1.1605568357e+00, 8.0628909915e+02, 2.9656837735e-01, 5.3042714305e+05, 
1.1777095914e+00, 8.1776265293e+02, -6.8301582831e+00, 5.3949763451e+05, 
1.1604291039e+00, 8.0645720078e+02, 3.4428356662e-01, 5.3053450636e+05, 
1.1986302109e+00, 8.3643132837e+02, -1.4797273573e+01, 5.5389197260e+05, 
1.5401230721e+00, 1.0142616053e+03, 1.4337407776e+02, 7.0821792021e+05, 
1.2363077318e+00, 8.5246469309e+02, -2.8398822217e+01, 5.6796287464e+05, 
1.4688548296e+00, 1.0293826449e+03, 1.1104346404e+02, 7.0263998584e+05, 
1.2708890267e+00, 8.8084093691e+02, 4.1540060822e+01, 5.9075293797e+05, 
1.1777243625e+00, 8.1387152383e+02, -4.9749693963e+00, 5.3708236137e+05, 
1.3225931621e+00, 9.0463318601e+02, 6.3075419575e+01, 6.1249208625e+05, 
1.1925854725e+00, 8.2758129010e+02, -1.4825402960e+01, 5.4601065321e+05, 
1.1594901398e+00, 8.0581204976e+02, 2.0991282793e-02, 5.3002910127e+05, 
1.1598039734e+00, 8.0602796701e+02, 1.3167489272e-01, 5.3019817089e+05, 
1.1594202899e+00, 8.0577624830e+02, -4.3404032700e-14, 5.3000000000e+05, 
1.1599802674e+00, 8.0625363251e+02, -1.8035358880e-01, 5.3036564203e+05, 
1.1776463985e+00, 8.1501574477e+02, 7.4012206064e+00, 5.3753813657e+05, 
1.1630508202e+00, 8.0782700384e+02, 1.1677686629e+00, 5.3164808766e+05, 
1.1595633534e+00, 8.0587870985e+02, -5.2183703396e-02, 5.3007985204e+05, 
1.1594230838e+00, 8.0577798726e+02, -1.8523403561e-04, 5.3000137724e+05, 
1.1601193827e+00, 8.0616641491e+02, -2.2292397679e-01, 5.3031355460e+05, 
1.1598559645e+00, 8.0604015922e+02, 1.4154171491e-01, 5.3020978859e+05, 
1.1594202899e+00, 8.0577624830e+02, -5.2668645829e-14, 5.3000000000e+05, 
1.1902437501e+00, 8.2306635540e+02, -1.0441691162e+01, 5.4406724029e+05, 
1.2438513896e+00, 8.5563041139e+02, -5.2962507417e+01, 5.6084108806e+05, 
1.1602209971e+00, 8.0629904117e+02, -2.8679860750e-01, 5.3041184201e+05, 
1.2114924993e+00, 8.3955961666e+02, 1.9185307052e+01, 5.5713393587e+05, 
1.1647761391e+00, 8.0964249666e+02, -1.9884423926e+00, 5.3301648758e+05, 
1.1622289420e+00, 8.0760696169e+02, -9.7405176267e-01, 5.3144435051e+05, 
1.1594202899e+00, 8.0577624830e+02, 3.8198363207e-14, 5.3000000000e+05, 
1.3241328743e+00, 8.9488472199e+02, 5.1343790920e+01, 6.0037711546e+05, 
1.2519148038e+00, 8.5628653734e+02, -2.9581679718e+01, 5.7049932832e+05, 
1.2058074753e+00, 8.3532688418e+02, -1.7201310980e+01, 5.5367602678e+05, 
1.1594202899e+00, 8.0577624830e+02, 8.6013652447e-14, 5.3000000000e+05, 
1.1594301032e+00, 8.0578266927e+02, 2.9007781451e-03, 5.3000505497e+05, 
1.4801633169e+00, 1.0062746414e+03, 1.3061833735e+02, 6.9503366220e+05, 
1.2673059778e+00, 8.6520654723e+02, 3.8182564168e+01, 5.7959117253e+05, 
1.1601906718e+00, 8.0620487415e+02, -2.5528311339e-01, 5.3034465135e+05, 
1.3387269736e+00, 9.0537535072e+02, -7.4377101773e+01, 6.0664912281e+05, 
1.4057899795e+00, 9.9905123712e+02, 9.5110615416e+01, 6.7548113434e+05, 
1.4047246840e+00, 9.3868766671e+02, 7.9874411055e+01, 6.3681177615e+05, 
1.1594202899e+00, 8.0577624830e+02, 2.7299146876e-14, 5.3000000000e+05, 
1.2210904900e+00, 8.4271967844e+02, -2.5380958107e+01, 5.5686522617e+05, 
1.1605413069e+00, 8.0656257354e+02, 4.0822519416e-01, 5.3061464049e+05, 
1.1809875020e+00, 8.2256138933e+02, -7.2228295621e+00, 5.4305118910e+05, 
1.1594202899e+00, 8.0577624830e+02, -7.9117109166e-14, 5.3000000000e+05, 
1.1594202899e+00, 8.0577624830e+02, 7.3841021878e-14, 5.3000000000e+05, 
1.1916635664e+00, 8.2978443404e+02, -1.3260303483e+01, 5.4878563450e+05, 
1.1594725835e+00, 8.0580624621e+02, 1.7568434826e-02, 5.3002400632e+05, 
1.1862402919e+00, 8.2102224506e+02, 8.9055177354e+00, 5.4233092081e+05, 
1.1695273309e+00, 8.1341246734e+02, -3.6239450907e+00, 5.3593727135e+05, 
1.1594202899e+00, 8.0577624830e+02, -1.1283024751e-13, 5.3000000000e+05, 
1.1594369846e+00, 8.0578811724e+02, 8.3483944175e-04, 5.3000925672e+05, 
1.1594202899e+00, 8.0577624830e+02, -8.7330533892e-14, 5.3000000000e+05, 
1.1595167802e+00, 8.0583917433e+02, -3.4160029106e-02, 5.3004956088e+05, 
1.1594202899e+00, 8.0577624830e+02, 7.9774971539e-15, 5.3000000000e+05, 
1.1814523504e+00, 8.2067154201e+02, 7.8548921675e+00, 5.4178210260e+05, 
1.1598783427e+00, 8.0607516697e+02, -1.6332911897e-01, 5.3023545918e+05, 
1.1928579091e+00, 8.2561933525e+02, -1.0773050620e+01, 5.4603518569e+05, 
1.2041094388e+00, 8.4576684057e+02, -1.5996010048e+01, 5.6056384572e+05, 
1.1594202899e+00, 8.0577624830e+02, 1.4191489360e-13, 5.3000000000e+05, 
1.3381701882e+00, 9.2521942309e+02, -7.1747064660e+01, 6.0591713689e+05, 
1.1655113830e+00, 8.0923306094e+02, 1.9679722098e+00, 5.3278032356e+05, 
1.2556997644e+00, 8.6229324287e+02, 3.4977512842e+01, 5.7654821829e+05, 
1.1614223420e+00, 8.0685453873e+02, 6.4158684908e-01, 5.3087118615e+05, 
1.1609303935e+00, 8.0667695714e+02, 5.2871712165e-01, 5.3071780756e+05, 
1.3752146077e+00, 9.5032150235e+02, 8.2536454008e+01, 6.4894777380e+05, 
1.6160999286e+00, 1.0543528144e+03, 1.6293350864e+02, 7.3790465250e+05, 
1.1594202899e+00, 8.0577624830e+02, 2.7904502488e-14, 5.3000000000e+05, 
1.1631128130e+00, 8.0815494944e+02, 1.3372487562e+00, 5.3188069192e+05, 
1.1679795439e+00, 8.1255088126e+02, -3.0861625569e+00, 5.3523646508e+05, 
1.1787902028e+00, 8.1710120992e+02, -6.7091366789e+00, 5.3911952116e+05, 
1.1594365738e+00, 8.0578754783e+02, 2.7780652920e-03, 5.3000883617e+05, 
1.1981544159e+00, 8.2578701000e+02, -1.2437814276e+01, 5.4661042327e+05, 
1.1595735805e+00, 8.0590015911e+02, -5.4262578457e-02, 5.3009537725e+05, 
1.2835053900e+00, 8.6779112007e+02, 2.1304051033e+01, 5.8123178762e+05, 
1.1594346838e+00, 8.0578589608e+02, -3.3992902078e-03, 5.3000757413e+05, 
1.1594225332e+00, 8.0577764691e+02, 7.4924333539e-04, 5.3000110745e+05, 
1.1595513810e+00, 8.0586515280e+02, -1.1337484789e-02, 5.3006970626e+05, 
1.1596390299e+00, 8.0590169622e+02, -7.3607681926e-02, 5.3010040835e+05, 
1.2953319833e+00, 8.8349419601e+02, -4.8792663761e+01, 5.9404544598e+05, 
1.2388157348e+00, 8.4462197486e+02, -2.8994747118e+01, 5.6081921453e+05, 
1.1594202899e+00, 8.0577624830e+02, -1.5960922321e-14, 5.3000000000e+05, 
1.1664279265e+00, 8.0917912791e+02, 1.1098462056e+01, 5.3278510430e+05, 
1.1594202899e+00, 8.0577624830e+02, 3.6587590102e-15, 5.3000000000e+05, 
1.1594202899e+00, 8.0577624830e+02, 4.7064625243e-15, 5.3000000000e+05, 
1.2581661299e+00, 8.7206448662e+02, 3.7926195785e+01, 5.8362676326e+05, 
1.2860481579e+00, 8.7414300673e+02, 4.2758941400e+01, 5.8718343084e+05, 
1.4123703845e+00, 9.5119335986e+02, 9.9638904729e+01, 6.5476984379e+05, 
1.1658345981e+00, 8.0949842676e+02, 2.1167141513e+00, 5.3298636562e+05, 
1.1594886014e+00, 8.0582304689e+02, 6.9205379809e-03, 5.3003664936e+05, 
1.1612195605e+00, 8.0683988878e+02, 5.8872262546e-01, 5.3084891122e+05, 
1.1651346363e+00, 8.0937806183e+02, -2.0127873665e+00, 5.3285876210e+05, 
1.1420599299e+00, 7.7753219214e+02, -2.8967286513e+01, 5.0641943657e+05, 
1.6275865855e+00, 1.1267685976e+03, 6.4040685773e+01, 7.7532294445e+05, 
1.1622579947e+00, 8.0780356928e+02, -1.0160851751e+00, 5.3158240609e+05, 
1.1801298901e+00, 8.1714851751e+02, 6.7861650083e+00, 5.3923194547e+05, 
1.1594202899e+00, 8.0577624830e+02, 3.0683352069e-14, 5.3000000000e+05, 
1.1850746809e+00, 8.2799759022e+02, -1.0591489745e+01, 5.4705318764e+05, 
1.1633095873e+00, 8.0877740742e+02, -1.2241976199e+00, 5.3232297695e+05, 
1.1600507315e+00, 8.0604028986e+02, 1.4040858915e-01, 5.3022371895e+05, 
1.1547959407e+00, 8.0506389864e+02, -5.9032243913e+01, 5.2881201425e+05, 
1.2626167871e+00, 8.7471017431e+02, -4.2526898065e+01, 5.8492989619e+05, 
1.1595330732e+00, 8.0584873076e+02, -3.7105392337e-02, 5.3005718733e+05, 
1.1581488859e+00, 8.0359011525e+02, -9.5873797630e+01, 5.1774889408e+05, 
1.1594627109e+00, 8.0579720499e+02, 1.3153710053e-02, 5.3001712739e+05, 
1.1596996469e+00, 7.9979764265e+02, -3.2733548056e+01, 5.2279074258e+05, 
1.1594202899e+00, 8.0577624830e+02, 3.6392332427e-14, 5.3000000000e+05, 
1.1594919871e+00, 8.0583825776e+02, -2.2330916022e-02, 5.3004742554e+05, 
1.1594202899e+00, 8.0577624830e+02, 5.6601393420e-14, 5.3000000000e+05, 
1.1660948718e+00, 8.1049552601e+02, 2.3528707585e+00, 5.3369587855e+05, 
1.2294300949e+00, 8.4104089452e+02, -1.0957015769e+02, 5.5742926266e+05, 
1.1594202899e+00, 8.0577624830e+02, -1.7261863289e-14, 5.3000000000e+05, 
1.1594202899e+00, 8.0577624830e+02, -1.0566576598e-13, 5.3000000000e+05, 
1.1594444126e+00, 8.0578991771e+02, 7.6655065244e-03, 5.3001095678e+05, 
1.3782815906e+00, 9.4493319197e+02, 8.7967152256e+01, 6.4628159695e+05, 
1.2542303109e+00, 8.5889007699e+02, -3.0161663458e+01, 5.7413795523e+05, 
1.6048941149e+00, 1.0713478588e+03, 1.5798770626e+02, 7.3491370249e+05, 
1.6252441244e+00, 1.1083377004e+03, 1.0301101635e+02, 7.6216966019e+05, 
1.1850478889e+00, 8.2139613432e+02, -9.2112218039e+00, 5.4254479711e+05, 
1.1621863094e+00, 8.0808559757e+02, -9.4973214972e-01, 5.3177340148e+05, 
1.1627132026e+00, 8.0729400549e+02, 9.0081952666e-01, 5.3125991273e+05, 
1.1594202899e+00, 8.0577624830e+02, -6.8608809660e-14, 5.3000000000e+05, 
1.0904900457e+00, 7.3889232150e+02, -5.9705507051e+01, 4.7177115118e+05, 
1.1594202899e+00, 8.0577624830e+02, 4.8530614712e-14, 5.3000000000e+05, 
1.1673290123e+00, 8.1107847641e+02, -2.8810688904e+00, 5.3417662853e+05, 
1.2602915006e+00, 8.6268608213e+02, 3.5968935456e+01, 5.7737877922e+05, 
1.1602399290e+00, 8.0628399557e+02, 2.7633443068e-01, 5.3040258728e+05, 
1.1595025036e+00, 8.0582845155e+02, 2.5914633406e-02, 5.3004124725e+05, 
1.1598242273e+00, 8.0599579122e+02, 1.2687672071e-01, 5.3017702547e+05, 
1.1594202899e+00, 8.0577624830e+02, 4.4009169048e-14, 5.3000000000e+05, 
1.1594206256e+00, 8.0577641854e+02, -9.6658370872e-05, 5.3000013858e+05, 
1.5044934573e+00, 1.0834398167e+03, 9.3124774004e+01, 7.2686528135e+05, 
1.1599100173e+00, 8.0614228697e+02, -1.5021626906e-01, 5.3028400828e+05, 
1.1594202899e+00, 8.0577624830e+02, 1.1499839126e-13, 5.3000000000e+05, 
1.1608216171e+00, 8.0676144114e+02, 5.0782931246e-01, 5.3076997973e+05, 
1.3777359062e+00, 9.3310001755e+02, 4.8493514114e+01, 6.2307801727e+05, 
1.1813282844e+00, 8.2324253197e+02, -7.7026536098e+00, 5.4353778944e+05, 
1.1597553246e+00, 8.0598969390e+02, 1.1803466112e-01, 5.3016860555e+05, 
1.2209388094e+00, 8.5805368705e+02, -2.5325456862e+01, 5.6982874556e+05, 
1.2166442258e+00, 8.3925850069e+02, -2.0873436351e+01, 5.5710866669e+05, 
1.2724846451e+00, 8.6671412742e+02, 3.7481514125e+01, 5.8024408642e+05, 
1.1603002505e+00, 8.0624992560e+02, -2.6663262177e-01, 5.3038278527e+05, 
1.1594202899e+00, 8.0577624830e+02, 2.4950730802e-15, 5.3000000000e+05, 
1.1597670734e+00, 8.0595865081e+02, -1.0302558946e-01, 5.3014779832e+05, 
1.1956950345e+00, 8.3127290298e+02, -1.3828370221e+01, 5.5012772994e+05, 
1.1782671226e+00, 8.1688613660e+02, -7.2275304343e+01, 5.3928080946e+05, 
1.1594202899e+00, 8.0577624830e+02, -3.2189225065e-14, 5.3000000000e+05, 
1.1628088298e+00, 8.0804217636e+02, -1.2012469654e+00, 5.3178239510e+05, 
1.1883328141e+00, 8.3038063289e+02, -9.6373610891e+00, 5.4820253965e+05, 
1.1613537130e+00, 8.0696459803e+02, 6.7151959085e-01, 5.3094397057e+05, 
1.1669292850e+00, 8.0982299517e+02, -2.3392058062e+00, 5.3328360571e+05, 
1.2968072425e+00, 8.9257670273e+02, 5.3090372476e+01, 6.0146757073e+05, 
1.1594339945e+00, 8.0578759100e+02, -2.7421593305e-03, 5.3000871043e+05, 
1.1594420354e+00, 8.0578867494e+02, 7.1061849399e-03, 5.3000994944e+05, 
1.1649725744e+00, 8.0901054445e+02, 1.9137587688e+00, 5.3259151599e+05, 
1.6510158150e+00, 1.1882646311e+03, 1.0199468406e+02, 8.0239837415e+05, 
1.1872067343e+00, 8.2379301938e+02, -8.9316591534e+00, 5.4436971313e+05, 
1.1711259557e+00, 8.1166800500e+02, 3.5520069573e+00, 5.3483280950e+05, 
1.1594202899e+00, 8.0577624830e+02, 1.6798393011e-14, 5.3000000000e+05, 
1.1594202899e+00, 8.0577624830e+02, -2.1429309922e-14, 5.3000000000e+05, 
1.8114986253e+00, 1.2979010264e+03, 7.7422878956e+01, 8.8193556402e+05, 
1.1232255145e+00, 7.8577570539e+02, -5.8521055514e+01, 5.1270339321e+05, 
1.2474255805e+00, 8.6412012085e+02, 3.2201314574e+01, 5.7705116889e+05, 
1.6010437578e+00, 1.0557887818e+03, 5.6443120564e+01, 7.2173816956e+05, 
1.1596172700e+00, 8.0590677582e+02, -7.0466930435e-02, 5.3010261825e+05, 
1.4827335873e+00, 9.8639639557e+02, 1.2548925099e+02, 6.8525205892e+05, 
1.3695318318e+00, 9.4896628286e+02, 8.3646284195e+01, 6.4762077715e+05, 
1.1594202899e+00, 8.0577624830e+02, -1.7575439152e-14, 5.3000000000e+05, 
1.1594871812e+00, 8.0581404727e+02, -2.3185629239e-02, 5.3003031122e+05, 
1.1953054017e+00, 8.3596477612e+02, -1.2645704598e+01, 5.5331715790e+05, 
1.1919377618e+00, 8.2604262194e+02, -1.2177571319e+01, 5.4623216805e+05, 
1.1595278145e+00, 8.0584115645e+02, 3.5872656195e-02, 5.3005160650e+05, 
1.4118486566e+00, 9.3939180782e+02, 8.9452174827e+01, 6.4395950865e+05, 
1.1815665229e+00, 8.2163855821e+02, -8.6727595350e+00, 5.4244649288e+05, 
1.1904498423e+00, 8.2336647519e+02, 1.0671665582e+01, 5.4433558333e+05, 
1.2166345947e+00, 8.4980980911e+02, -2.2971116064e+01, 5.6447571121e+05, 
1.2307859132e+00, 8.5012655624e+02, 2.6376677588e+01, 5.6602613099e+05, 
1.2389915149e+00, 8.5734306867e+02, -3.0821851140e+01, 5.7150005546e+05, 
1.1594402939e+00, 8.0578926558e+02, -7.0405707315e-03, 5.3001025467e+05, 
1.1748193397e+00, 8.1569108844e+02, -5.4822270897e+00, 5.3787422820e+05, 
1.1885393201e+00, 8.1950412196e+02, -9.0325897144e+00, 5.4171217349e+05, 
1.1594202899e+00, 8.0577624830e+02, -5.3143919722e-14, 5.3000000000e+05, 
1.1597155710e+00, 8.0591493820e+02, 7.6388775700e-02, 5.3011428043e+05, 
1.4553737767e+00, 9.8860827806e+02, 1.2190901338e+02, 6.8364063618e+05, 
1.2085386034e+00, 8.3998828823e+02, -2.0454623333e+01, 5.5636916884e+05, 
1.2399887983e+00, 8.4897009803e+02, -2.6187960369e+01, 5.6523670254e+05, 
1.1662921813e+00, 8.1057240197e+02, 2.4899560093e+00, 5.3376206316e+05, 
1.3293426761e+00, 8.9985309722e+02, -5.7541233966e+01, 6.0672833260e+05, 
1.1696665353e+00, 8.1269599694e+02, 3.6604384902e+00, 5.3545591007e+05, 
1.1594202899e+00, 8.0577624830e+02, -3.6780469574e-17, 5.3000000000e+05, 
1.7043657503e+00, 1.1526583426e+03, 1.2624349815e+02, 7.9365500889e+05, 
1.1827689780e+00, 8.2556336730e+02, -1.0752843328e+01, 5.4482127073e+05, 
1.1594298712e+00, 8.0578247116e+02, 3.0429277351e-03, 5.3000490328e+05, 
1.1594699833e+00, 8.0580736517e+02, 1.7427533164e-02, 5.3002462679e+05, 
1.1613768101e+00, 8.0719385871e+02, -7.2246710945e-01, 5.3110423216e+05, 
1.1595330290e+00, 8.0584839059e+02, 4.0941361589e-02, 5.3005695029e+05, 
1.2967873224e+00, 8.7952414450e+02, 4.4765653149e+01, 5.8988654399e+05, 
1.1595397218e+00, 8.0585495897e+02, 3.9867462264e-02, 5.3006191880e+05, 
1.4857986613e+00, 1.0284213997e+03, 1.1612989271e+02, 7.0688912144e+05, 
1.1620532254e+00, 8.0754214997e+02, -9.5507493936e-01, 5.3138802629e+05, 
1.1599834328e+00, 8.0616801717e+02, 1.9913868991e-01, 5.3030640091e+05, 
1.1594202899e+00, 8.0577624830e+02, 2.7766920176e-15, 5.3000000000e+05, 
1.1995389613e+00, 8.3267988716e+02, 1.4462651847e+01, 5.5142453385e+05, 
1.1598691560e+00, 8.0601047558e+02, 1.3832982541e-01, 5.3018995293e+05, 
1.2425999682e+00, 8.7148756720e+02, -3.6202937669e+01, 5.7919094453e+05, 
1.2699334140e+00, 8.6032257457e+02, 8.0056401934e+00, 5.7553239579e+05, 
1.0646812957e+00, 7.5681656430e+02, -1.0845189519e+02, 4.8269036276e+05, 
1.1600364812e+00, 8.0621133150e+02, -2.2612468497e-01, 5.3033966576e+05, 
1.1594202899e+00, 8.0577624830e+02, -6.1898852694e-15, 5.3000000000e+05, 
1.0374920017e+00, 7.4537296973e+02, -1.3115233171e+02, 4.7618854167e+05, 
1.1594461988e+00, 8.0579389703e+02, 4.6797063840e-03, 5.3001382998e+05, 
1.1203588324e+00, 7.6766560325e+02, -3.2754483299e+01, 4.9829111509e+05, 
1.1685909982e+00, 8.1091505428e+02, 2.9814327311e+00, 5.3414389793e+05, 
1.1594202899e+00, 8.0577624830e+02, 7.7893534517e-14, 5.3000000000e+05, 
1.1596346040e+00, 8.0592016002e+02, 7.3354859736e-02, 5.3011296917e+05, 
1.1921451920e+00, 8.2489588943e+02, -1.1036071043e+01, 5.4548341604e+05, 
1.1635900561e+00, 8.0818890804e+02, -1.4009706906e+00, 5.3193283941e+05, 
1.1597961897e+00, 8.0599068057e+02, -1.2015052060e-01, 5.3017178134e+05, 
1.1910352983e+00, 8.2508324353e+02, 1.1152892785e+01, 5.4555124185e+05, 
1.1596748294e+00, 8.0594902324e+02, 8.9532387257e-02, 5.3013546033e+05, 
1.1594567142e+00, 8.0580438990e+02, -1.1765393792e-02, 5.3002175743e+05, 
1.1601599715e+00, 8.0623379975e+02, -2.5248025425e-01, 5.3036283752e+05, 
1.1719758784e+00, 8.1479894715e+02, -4.6817732472e+00, 5.3705660059e+05, 
1.1601104413e+00, 8.0634175213e+02, -2.3922901030e-01, 5.3043479209e+05, 
1.1659204957e+00, 8.0940877953e+02, 2.1081327592e+00, 5.3292825658e+05, 
1.1598077190e+00, 8.0605214200e+02, -1.3745770831e-01, 5.3021518198e+05, 
1.1455410001e+00, 7.9826886482e+02, 1.8832573397e+01, 5.2409638018e+05, 
1.1597895766e+00, 8.0598550250e+02, 1.2071766830e-01, 5.3016777664e+05, 
1.1594257019e+00, 8.0577977788e+02, -1.0104491461e-03, 5.3000277976e+05, 
1.3872793674e+00, 9.6182648684e+02, 9.3302353398e+01, 6.5846659611e+05, 
1.1594202899e+00, 8.0577624830e+02, 2.8322855033e-14, 5.3000000000e+05, 
1.1658658464e+00, 8.0925642311e+02, -2.0309094955e+00, 5.3281942613e+05, 
1.1594202899e+00, 8.0577624830e+02, 9.6972185114e-14, 5.3000000000e+05, 
1.1798789055e+00, 8.2119626092e+02, -7.5139223937e+00, 5.4202506771e+05, 
1.1594202899e+00, 8.0577624830e+02, 1.2554943419e-14, 5.3000000000e+05, 
1.1667114285e+00, 8.0974620456e+02, 2.3633484688e+00, 5.3321031766e+05, 
1.2777023640e+00, 8.8781182107e+02, -4.7123056332e+01, 5.8980211940e+05, 
1.3348588219e+00, 9.2152892227e+02, 6.5678139824e+01, 6.2488576557e+05, 
1.1595964852e+00, 8.0588765894e+02, -6.0449712597e-02, 5.3008807792e+05, 
1.1594202899e+00, 8.0577624830e+02, -3.1768025420e-14, 5.3000000000e+05, 
9.7870783020e-01, 6.6962005679e+02, -1.0398945705e+02, 4.1536737158e+05, 
1.1638146646e+00, 8.0914211932e+02, -1.5951439089e+00, 5.3260826849e+05, 
1.1594202899e+00, 8.0577624830e+02, -8.4405467588e-14, 5.3000000000e+05, 
1.1620110490e+00, 8.0725504333e+02, 8.4714243418e-01, 5.3118639009e+05, 
1.1594202899e+00, 8.0577624830e+02, -5.6920370756e-14, 5.3000000000e+05, 
1.3240457483e+00, 9.1653288053e+02, 6.4375230613e+01, 6.2060443994e+05, 
1.1594339938e+00, 8.0578475318e+02, -4.7199101203e-03, 5.3000673820e+05, 
1.1701626668e+00, 8.1460987817e+02, -3.6442170201e+00, 5.3680522507e+05, 
1.1604994812e+00, 8.0638368523e+02, 3.4304626674e-01, 5.3048771597e+05, 
1.1594202899e+00, 8.0577624830e+02, 2.4579148227e-14, 5.3000000000e+05, 
1.1618895676e+00, 8.0735215076e+02, -8.5223791357e-01, 5.3124642515e+05, 
1.1594202899e+00, 8.0577624830e+02, 9.1034211051e-14, 5.3000000000e+05, 
1.1599656827e+00, 8.0613488375e+02, -1.8117429978e-01, 5.3028224702e+05, 
1.1651066642e+00, 8.0946415062e+02, -2.0218456030e+00, 5.3291457773e+05, 
1.5961912940e+00, 1.0569032230e+03, 6.9531635988e+01, 7.1719639648e+05, 
1.1615089225e+00, 8.0678687060e+02, -6.3406143771e-01, 5.3083360354e+05, 
1.1942875208e+00, 8.2938600661e+02, 1.2638592672e+01, 5.4875040306e+05, 
1.1857069256e+00, 8.2690928057e+02, -8.9659178265e+00, 5.4639119038e+05, 
1.1993990179e+00, 8.2934104557e+02, -1.4408896148e+01, 5.4906639707e+05, 
1.4010942928e+00, 9.6762136345e+02, 1.0092390303e+02, 6.6382756908e+05, 
1.1594202899e+00, 8.0577624830e+02, 3.0038949043e-14, 5.3000000000e+05, 
1.1594431230e+00, 8.0579067575e+02, 5.4381800936e-03, 5.3001140556e+05, 
1.0880895306e+00, 7.6877547103e+02, -8.5679331560e+01, 5.0132337420e+05, 
2.0533588316e+00, 1.2487655790e+03, -5.6375102390e+01, 9.2797654477e+05, 
1.6959412216e+00, 1.2453069051e+03, 4.8769721722e+01, 8.2889403051e+05, 
1.3898269483e+00, 9.2965611272e+02, 8.4519965872e+01, 6.3625657618e+05, 
1.2092752756e+00, 8.4717732424e+02, -1.9293647168e+01, 5.6208197665e+05, 
1.1595361532e+00, 8.0585408862e+02, -3.9013179005e-02, 5.3006109640e+05, 
1.8363131426e+00, 1.2339760127e+03, 2.9820499632e+00, 8.6524543502e+05, 
1.1594739115e+00, 8.0581219090e+02, -1.9145391043e-02, 5.3002821758e+05, 
1.1594202899e+00, 8.0577624830e+02, 1.3768761412e-13, 5.3000000000e+05, 
1.1606955618e+00, 8.0649348159e+02, 4.0934824202e-01, 5.3057607254e+05, 
1.0147559322e+00, 7.2561207582e+02, -1.5523332725e+02, 4.6465492635e+05, 
9.9417650177e-01, 7.0429638481e+02, -8.0376573655e+01, 4.5036415172e+05, 
1.1602313144e+00, 8.0626533937e+02, -2.9356482450e-01, 5.3038909281e+05, 
1.1602035688e+00, 8.0627404567e+02, 2.8242282364e-01, 5.3039346924e+05, 
1.1701929590e+00, 8.1311176970e+02, -3.2811849410e+00, 5.3576940739e+05, 
1.2450808260e+00, 8.5688753933e+02, 3.1163032927e+01, 5.7191694000e+05, 
1.2232207657e+00, 8.3877659909e+02, 2.0757881873e+01, 5.5729156423e+05, 
1.1594202899e+00, 8.0577624830e+02, -9.2445904204e-14, 5.3000000000e+05, 
1.2117041339e+00, 8.3399715600e+02, -1.7591667388e+01, 5.5325739775e+05, 
1.1594202899e+00, 8.0577624830e+02, 1.1174414624e-13, 5.3000000000e+05, 
1.1690750936e+00, 8.1117500535e+02, -3.2138515107e+00, 5.3435580485e+05, 
1.1796943539e+00, 8.2282410096e+02, -7.8165668665e+00, 5.4313998448e+05, 
1.1594202899e+00, 8.0577624830e+02, -1.7948311513e-14, 5.3000000000e+05, 
1.3188832147e+00, 8.9046332748e+02, -5.3082533681e+01, 6.0164852134e+05, 
1.1594202899e+00, 8.0577624830e+02, -2.7869529516e-14, 5.3000000000e+05, 
1.2528299651e+00, 8.5634279732e+02, 3.1004097673e+01, 5.7199973245e+05, 
1.1594202899e+00, 8.0577624830e+02, 7.9986514985e-15, 5.3000000000e+05, 
1.2004995761e+00, 8.3433709493e+02, -1.6805337392e+01, 5.5253929168e+05, 
1.1603592259e+00, 8.0636086021e+02, 3.3311729183e-01, 5.3046322201e+05, 
1.0301964953e+00, 6.9901329554e+02, -6.3817485027e+01, 4.4555273603e+05, 
1.1893013100e+00, 8.2591750785e+02, -1.1891021864e+01, 5.4596048860e+05, 
1.1594202899e+00, 8.0577624830e+02, 4.3819508075e-14, 5.3000000000e+05, 
1.1594462344e+00, 8.0579234361e+02, 9.3428137931e-03, 5.3001275267e+05, 
1.1523216286e+00, 8.0146693234e+02, 1.9753257528e+01, 5.2660466783e+05, 
1.1594202899e+00, 8.0577624830e+02, -1.1750365113e-13, 5.3000000000e+05, 
1.1594311485e+00, 8.0578271978e+02, 3.6202049750e-03, 5.3000515320e+05, 
1.2179680005e+00, 8.3736343441e+02, 1.9510895614e+01, 5.5616222296e+05, 
1.3938471665e+00, 9.3271238385e+02, 7.8488085124e+01, 6.3380328418e+05, 
1.1681385785e+00, 8.1256178884e+02, -3.0615348642e+00, 5.3525663346e+05, 
1.3050354566e+00, 8.8134263670e+02, -4.5725519124e+01, 5.9392901385e+05, 
1.2420858328e+00, 8.5340025869e+02, -2.8798062042e+01, 5.6914805705e+05, 
1.1594202899e+00, 8.0577624830e+02, 1.4076473710e-13, 5.3000000000e+05, 
1.2219907686e+00, 8.4599631432e+02, -2.4335812636e+01, 5.6169967490e+05, 
1.2304966151e+00, 8.5009061787e+02, -2.6272103159e+01, 5.6468890509e+05, 
1.1594202899e+00, 8.0577624830e+02, 4.3897535207e-14, 5.3000000000e+05, 
1.1888511149e+00, 8.2583332812e+02, 1.0712901035e+01, 5.4588057545e+05, 
1.1782725577e+00, 8.1806473692e+02, 6.8071445128e+00, 5.3976081956e+05, 
1.2370676212e+00, 8.5010767656e+02, -2.5990560603e+01, 5.6651138006e+05, 
1.1965993456e+00, 8.3943893876e+02, -1.1921347801e+01, 5.5572304427e+05, 
1.1594202899e+00, 8.0577624830e+02, 1.5199659043e-13, 5.3000000000e+05, 
1.1599712367e+00, 8.0612825563e+02, -1.9086064902e-01, 5.3027798469e+05, 
1.1633686729e+00, 8.0766844761e+02, 1.1707415487e+00, 5.3155963895e+05, 
1.1594202899e+00, 8.0577624830e+02, -2.1958734946e-14, 5.3000000000e+05, 
1.1627417788e+00, 8.0794119170e+02, 1.1486368567e+00, 5.3170787670e+05, 
1.3503553374e+00, 9.1070123185e+02, 7.0300683725e+01, 6.1924828816e+05, 
1.1712189239e+00, 8.1389240514e+02, -7.2486587642e+01, 5.3687859969e+05, 
1.1594202899e+00, 8.0577624830e+02, 1.8387836057e-14, 5.3000000000e+05, 
1.2279840461e+00, 8.5427405776e+02, -2.9854074401e+01, 5.6399781506e+05, 
1.1594202899e+00, 8.0577624830e+02, -2.0257810312e-14, 5.3000000000e+05, 
1.1598599541e+00, 8.0601566226e+02, 1.4404001845e-01, 5.3019298639e+05, 
1.1594202899e+00, 8.0577624830e+02, 9.1951213708e-14, 5.3000000000e+05, 
1.2060550350e+00, 8.3434439742e+02, -1.4276885665e+01, 5.5308198127e+05, 
1.1953414825e+00, 8.3412605987e+02, -1.5558344544e+01, 5.5185132345e+05, 
1.1850628261e+00, 8.2555575756e+02, -1.0191197454e+01, 5.4539933858e+05, 
1.1835815274e+00, 8.1935644832e+02, 7.9504720024e+00, 5.4100876281e+05, 
1.1594848647e+00, 8.0581632368e+02, -2.2112270592e-02, 5.3003175183e+05, 
2.3176178728e+00, 1.5114489855e+03, -1.0592891002e+02, 1.1294506882e+06, 
1.1689743415e+00, 8.1113931957e+02, 3.0944320222e+00, 5.3432511339e+05, 
1.1594202899e+00, 8.0577624830e+02, 2.6482605775e-14, 5.3000000000e+05, 
1.1595337265e+00, 8.0585282219e+02, 3.0874831800e-02, 5.3006007072e+05, 
8.2667820725e-01, 6.1505414364e+02, -1.4232233876e+02, 3.8334551505e+05, 
1.1594202899e+00, 8.0577624830e+02, -5.6544672279e-14, 5.3000000000e+05, 
1.4819367872e+00, 9.8981612088e+02, 1.2819710250e+02, 6.8865407119e+05, 
1.1594463403e+00, 8.0579518710e+02, -8.5884943276e-03, 5.3001473512e+05, 
1.1594202899e+00, 8.0577624830e+02, 6.9638352410e-14, 5.3000000000e+05, 
1.2782718423e+00, 8.7750504462e+02, -4.5042021422e+01, 5.8852287458e+05, 
1.1606881846e+00, 8.0658816338e+02, 4.3988550782e-01, 5.3064128043e+05, 
1.0134239997e+00, 7.1077114080e+02, -1.7951866733e+02, 4.6289290791e+05, 
1.1594202899e+00, 8.0577624830e+02, 1.0209705328e-13, 5.3000000000e+05, 
1.1599496544e+00, 8.0613455511e+02, 1.9212180487e-01, 5.3028103730e+05, 
1.1594202899e+00, 8.0577624830e+02, -1.7515575933e-13, 5.3000000000e+05, 
1.1691476841e+00, 8.1283440647e+02, -3.5329638053e+00, 5.3551009968e+05, 
1.1594424294e+00, 8.0578943424e+02, 6.7461204524e-03, 5.3001050090e+05, 
1.1596214796e+00, 8.0594325930e+02, -6.4618947497e-02, 5.3012822363e+05, 
1.1594775064e+00, 8.0580254004e+02, 1.4508373010e-02, 5.3002173018e+05, 
1.3084532719e+00, 8.9144238349e+02, 5.5410817200e+01, 6.0178996296e+05, 
1.3333280961e+00, 9.0729570159e+02, 6.6029954698e+01, 6.1544817468e+05, 
1.1595308221e+00, 8.0584662041e+02, -3.8233224140e-02, 5.3005558445e+05, 
1.3349261813e+00, 9.1170879764e+02, -5.7241462210e+01, 6.0855869619e+05, 
1.1595574381e+00, 8.0584802191e+02, -4.1650739633e-02, 5.3005817103e+05, 
1.1611190896e+00, 8.0691217349e+02, -6.1636913468e-01, 5.3089301954e+05, 
1.1594202899e+00, 8.0577624830e+02, -1.1424864636e-13, 5.3000000000e+05, 
1.1598585943e+00, 8.0610544365e+02, -1.5982148299e-01, 5.3025528928e+05, 
1.1648068526e+00, 8.0896541377e+02, 1.8384755432e+00, 5.3254916576e+05, 
1.2170321758e+00, 8.3671993747e+02, 1.9022990329e+01, 5.5541736227e+05, 
1.4067207580e+00, 9.5757614728e+02, 1.0068465597e+02, 6.5836667768e+05, 
1.1743384749e+00, 8.1491896905e+02, -5.3406437596e+00, 5.3730350127e+05, 
1.1992923868e+00, 8.2564783362e+02, 1.3144282935e+01, 5.4642992692e+05, 
1.2581419369e+00, 8.7798319960e+02, -4.2269584351e+01, 5.8469441417e+05, 
1.1594202899e+00, 8.0577624830e+02, 2.3300062467e-14, 5.3000000000e+05, 
1.1653618636e+00, 8.1067357283e+02, -2.0996995963e+00, 5.3376789348e+05, 
1.2300933362e+00, 8.4710220647e+02, 2.5078206354e+01, 5.6387337952e+05, 
1.1594380537e+00, 8.0578640378e+02, 5.6824241335e-03, 5.3000813048e+05, 
1.4122489672e+00, 9.6738795810e+02, 9.3622101963e+01, 6.6465151307e+05, 
1.0264069627e+00, 7.1511275558e+02, -1.3987025004e+02, 4.6310269558e+05, 
1.0845755553e+00, 7.3790061778e+02, -4.4434737810e+01, 4.7666651701e+05, 
1.1733335248e+00, 8.1713863943e+02, -5.1084760244e+00, 5.3876791731e+05, 
1.4551081542e+00, 9.6079856992e+02, 1.0085811808e+02, 6.6033514930e+05, 
1.2223096721e+00, 8.4937696138e+02, -2.4887693470e+01, 5.6466571844e+05, 
1.1692972735e+00, 8.1326823094e+02, -3.6469722451e+00, 5.3581969892e+05, 
1.1594202899e+00, 8.0577624830e+02, -2.1577803364e-14, 5.3000000000e+05, 
1.2071622931e+00, 8.5062524127e+02, -1.7999339876e+01, 5.6370960741e+05, 
1.2001041090e+00, 8.2788167260e+02, 1.3040349231e+01, 5.4817542671e+05, 
1.3919996301e+00, 9.8133945604e+02, 8.9903130663e+01, 6.6640685026e+05, 
1.3021481044e+00, 8.8305878216e+02, 4.9642864731e+01, 5.9496453191e+05, 
1.1634516286e+00, 8.0827918681e+02, 1.4351829083e+00, 5.3198854847e+05, 
1.1620471643e+00, 8.0694476169e+02, -6.7821722393e-01, 5.3098112997e+05, 
1.1614707499e+00, 8.0729008535e+02, -6.4718926574e-01, 5.3117674143e+05, 
1.1729660061e+00, 8.1331657730e+02, 4.5336744705e+00, 5.3610450126e+05, 
1.1594536997e+00, 8.0579959011e+02, 9.8686521946e-03, 5.3001823970e+05, 
1.1594202899e+00, 8.0577624830e+02, 9.4050487877e-14, 5.3000000000e+05, 
1.2352259037e+00, 8.4335434319e+02, 2.4390770849e+01, 5.6127564604e+05, 
2.1549165446e+00, 1.3150107368e+03, 9.3320338295e+00, 9.9944367606e+05, 
1.1594397660e+00, 8.0579171370e+02, -5.4576569072e-03, 5.3001192415e+05, 
1.1687836944e+00, 8.1175038482e+02, -2.9373373528e+00, 5.3473592546e+05, 
1.1594251072e+00, 8.0577957580e+02, -4.8619795866e-04, 5.3000260340e+05, 
1.1619006818e+00, 8.0704311485e+02, 7.4906923695e-01, 5.3103180842e+05, 
1.3441497395e+00, 9.1115105779e+02, -6.7034902923e+01, 6.1026414419e+05, 
1.1646753186e+00, 8.0897741106e+02, 1.7813482513e+00, 5.3255085299e+05, 
1.1841479724e+00, 8.1901300983e+02, -7.7767179082e+00, 5.4081932585e+05, 
1.1594202899e+00, 8.0577624830e+02, 3.2578296258e-14, 5.3000000000e+05, 
1.1793522896e+00, 8.0691570668e+02, -1.2355523756e+01, 5.3050184206e+05, 
1.1597504296e+00, 8.0598491110e+02, -1.1772830974e-01, 5.3016498345e+05, 
2.0287109048e+00, 1.2084261905e+03, -2.5997935761e+02, 9.6666130368e+05, 
1.1349100860e+00, 7.9260672333e+02, 2.2498133105e+01, 5.1973904584e+05, 
1.1596620690e+00, 8.0598005980e+02, -8.1600585602e-02, 5.3015625469e+05, 
1.1596258182e+00, 8.0591694871e+02, 7.0573735272e-02, 5.3011020416e+05, 
1.1782010420e+00, 8.1762874060e+02, -6.7735077704e+00, 5.3945016092e+05, 
1.1594442085e+00, 8.0579206939e+02, -4.6041520473e-03, 5.3001243961e+05, 
1.1971875525e+00, 8.2446896010e+02, -1.2286002182e+01, 5.4571506255e+05, 
3.0149917824e+00, 1.8919619514e+03, -6.6815837662e+02, 1.5928451005e+06, 
1.1594445655e+00, 8.0579088517e+02, -8.0390641859e-03, 5.3001163842e+05, 
1.1594202899e+00, 8.0577624830e+02, -5.5122707540e-14, 5.3000000000e+05, 
1.1594202899e+00, 8.0577624830e+02, 2.2357503224e-14, 5.3000000000e+05, 
1.2115280159e+00, 8.4002812212e+02, 1.8633861838e+01, 5.5737654989e+05, 
1.1594293150e+00, 8.0578198436e+02, 3.1106848872e-03, 5.3000453138e+05, 
1.1607974662e+00, 8.0659988783e+02, 4.6481059026e-01, 5.3065612823e+05, 
1.1608185940e+00, 8.0698721497e+02, -4.5306556682e-01, 5.3092638506e+05, 
1.1594202899e+00, 8.0577624830e+02, 1.6041716135e-13, 5.3000000000e+05, 
1.2121094730e+00, 8.3795498753e+02, -1.9178737719e+01, 5.5597786925e+05, 
1.0077943238e+00, 7.0761957141e+02, -7.0918867988e+01, 4.5282476510e+05, 
1.3955095709e+00, 9.6028524804e+02, 9.5950085946e+01, 6.5875510410e+05, 
1.1746851129e+00, 8.1629464173e+02, -5.6209177279e+00, 5.3827285171e+05, 
1.1600111080e+00, 8.0617347072e+02, -2.0953885342e-01, 5.3031183979e+05, 
1.1594202899e+00, 8.0577624830e+02, 1.6785216576e-14, 5.3000000000e+05, 
1.3367821185e+00, 9.2468742907e+02, 6.8205800610e+01, 6.2734100614e+05, 
1.1608724404e+00, 8.0658235635e+02, 4.6742608401e-01, 5.3064838634e+05, 
1.1678992948e+00, 8.1023971683e+02, 2.6509934543e+00, 5.3362846669e+05, 
9.7000500083e-01, 6.7203117632e+02, -1.2739031975e+02, 4.1678970502e+05, 
1.1613022624e+00, 8.0701129537e+02, -6.1383973003e-01, 5.3097277309e+05, 
