0, 799, 4,
1.1594350910e+00, 8.0576560808e+02, -6.0674318276e-04, 5.2998823813e+05, 
1.3922396849e+00, 8.6214914306e+02, 5.7244058865e+01, 6.2151994116e+05, 
2.1989758448e+00, 1.0382024864e+03, 3.7294257954e+02, 9.3137715289e+05, 
1.1594305677e+00, 8.0578165911e+02, -1.3344672328e-03, 5.3000438082e+05, 
1.1594202899e+00, 8.0577624830e+02, -1.9682216015e-15, 5.3000000000e+05, 
1.1594393048e+00, 8.0569712653e+02, -2.2631188107e-02, 5.2992065219e+05, 
1.1591914074e+00, 8.0497458785e+02, -1.7331778895e-01, 5.2923718506e+05, 
1.1813985812e+00, 8.1005950555e+02, 4.5119843176e+00, 5.3247532911e+05, 
2.0055708157e+00, 1.0179379888e+03, 2.5085503997e+02, 8.6286570970e+05, 
2.2862961607e+00, 1.0470409587e+03, 3.7101666349e+02, 9.6984817914e+05, 
2.3736773065e+00, 1.0571875919e+03, 3.7353889101e+02, 9.9865874967e+05, 
2.3653344779e+00, 1.0559007722e+03, 3.8931480421e+02, 9.9364636703e+05, 
2.2844687242e+00, 1.0434898384e+03, 3.7862760743e+02, 9.6378218978e+05, 
2.2997170677e+00, 1.0422873969e+03, 3.7856385181e+02, 9.6929034404e+05, 
2.3255478032e+00, 1.0477096211e+03, 3.8035104681e+02, 9.7891838029e+05, 
2.3264318628e+00, 1.0532687127e+03, 3.8405977911e+02, 9.7949570169e+05, 
2.3146666337e+00, 1.0503689413e+03, 3.8199714761e+02, 9.7495635803e+05, 
2.3183600268e+00, 1.0508128222e+03, 3.8252795871e+02, 9.7625551190e+05, 
2.3078089235e+00, 1.0519734828e+03, 3.8409583357e+02, 9.7244043838e+05, 
2.2939129721e+00, 1.0511341999e+03, 3.8250747870e+02, 9.6765383665e+05, 
2.3630698092e+00, 1.0611758021e+03, 3.8048427908e+02, 9.9344838495e+05, 
2.5035615834e+00, 1.0730877187e+03, 3.8737845364e+02, 1.0442237422e+06, 
2.4900452541e+00, 1.0669851449e+03, 3.9116399904e+02, 1.0379784269e+06, 
2.3396712509e+00, 1.0513511099e+03, 3.9064150143e+02, 9.8301138687e+05, 
2.2165034402e+00, 1.0369106890e+03, 3.8437622207e+02, 9.3755503198e+05, 
2.2591310490e+00, 1.0603456699e+03, 3.7002170086e+02, 9.5478442020e+05, 
2.3065178374e+00, 1.0907887496e+03, 3.7577471840e+02, 9.7755143216e+05, 
2.3174292603e+00, 1.1134560937e+03, 3.8992069492e+02, 9.8731891635e+05, 
2.3615382731e+00, 1.1293558926e+03, 4.0580963638e+02, 1.0003875038e+06, 
2.4010799552e+00, 1.1534743084e+03, 4.1785982853e+02, 1.0181521367e+06, 
2.3578379652e+00, 1.1070007441e+03, 4.0469477371e+02, 1.0049523094e+06, 
2.3032170870e+00, 1.0290709959e+03, 3.8435189649e+02, 9.7212526810e+05, 
2.3479240926e+00, 1.0771121199e+03, 4.0449374292e+02, 9.8868253887e+05, 
2.4035567483e+00, 1.1130632422e+03, 4.1285965547e+02, 1.0162657732e+06, 
2.4397599087e+00, 1.1128524878e+03, 4.1116329300e+02, 1.0328681203e+06, 
2.4419673234e+00, 1.1256567016e+03, 4.2354362622e+02, 1.0303716299e+06, 
2.4821878030e+00, 1.1487258618e+03, 4.2989194547e+02, 1.0433385104e+06, 
2.4483835649e+00, 1.1203017818e+03, 4.1581697668e+02, 1.0393572725e+06, 
2.4385772171e+00, 1.0873094050e+03, 4.2744436066e+02, 1.0351048117e+06, 
2.4711000864e+00, 1.1133748151e+03, 4.4207389757e+02, 1.0457266894e+06, 
1.9619911776e+00, 1.0114492515e+03, 2.1905088540e+02, 8.3983879449e+05, 
1.2494286118e+00, 8.3765488905e+02, 3.1761927332e+01, 5.6545638148e+05, 
1.1367592584e+00, 7.9563984184e+02, -6.6440397866e+00, 5.2164374672e+05, 
1.1660042402e+00, 8.0889245558e+02, 1.9547694662e+00, 5.3258516695e+05, 
1.1597847730e+00, 8.0598782256e+02, 1.1700202939e-01, 5.3016912221e+05, 
1.1585790775e+00, 8.0532759386e+02, -2.4919996537e-01, 5.2963783699e+05, 
1.1594656205e+00, 8.0580041390e+02, 1.3398913490e-02, 5.3001948973e+05, 
1.1594324233e+00, 8.0578230222e+02, 4.1759153844e-03, 5.3000494854e+05, 
1.1594132763e+00, 8.0577254265e+02, -2.9132641553e-03, 5.2999700112e+05, 
1.1594280516e+00, 8.0578032838e+02, 8.4488079884e-04, 5.3000330413e+05, 
1.1594204033e+00, 8.0577630195e+02, 1.9296619735e-04, 5.3000004414e+05, 
1.1594197982e+00, 8.0577597538e+02, -1.5608955063e-04, 5.2999978064e+05, 
1.1594205635e+00, 8.0577638361e+02, 4.4979812437e-05, 5.3000011056e+05, 
1.1594202860e+00, 8.0577624735e+02, 6.8664945398e-06, 5.2999999911e+05, 
1.1594202823e+00, 8.0577624439e+02, -4.9082392893e-07, 5.2999999683e+05, 
1.1594202897e+00, 8.0577624821e+02, 1.3189808288e-07, 5.2999999993e+05, 
1.1594202898e+00, 8.0577624825e+02, 4.4645378631e-09, 5.2999999996e+05, 
1.1594202899e+00, 8.0577624829e+02, -6.4620903759e-10, 5.3000000000e+05, 
1.1594202899e+00, 8.0577624830e+02, -4.3396026159e-10, 5.3000000000e+05, 
1.1594202899e+00, 8.0577624830e+02, 1.2101785420e-10, 5.3000000000e+05, 
1.1594202899e+00, 8.0577624830e+02, -2.0091597396e-13, 5.3000000000e+05, 
1.1594202899e+00, 8.0577624830e+02, 2.5359130618e-13, 5.3000000000e+05, 
1.1594202899e+00, 8.0577624830e+02, 2.0185335573e-12, 5.3000000000e+05, 
1.1594202899e+00, 8.0577624830e+02, 2.7215512503e-13, 5.3000000000e+05, 
1.1594202899e+00, 8.0577624830e+02, 4.3145364223e-14, 5.3000000000e+05, 
1.1594202899e+00, 8.0577624830e+02, 7.2415538423e-14, 5.3000000000e+05, 
1.1594202899e+00, 8.0577624830e+02, -1.8293791079e-13, 5.3000000000e+05, 
1.1594202899e+00, 8.0577624830e+02, -6.6619019670e-14, 5.3000000000e+05, 
1.1594202899e+00, 8.0577624830e+02, -4.6413247303e-14, 5.3000000000e+05, 
1.1594202899e+00, 8.0577624830e+02, 5.4585907771e-14, 5.3000000000e+05, 
1.1594202899e+00, 8.0577624830e+02, -5.4896361037e-14, 5.3000000000e+05, 
1.1594202899e+00, 8.0577624830e+02, -5.0160472868e-14, 5.3000000000e+05, 
1.1594202899e+00, 8.0577624830e+02, -9.3850642086e-16, 5.3000000000e+05, 
1.1594202899e+00, 8.0577624830e+02, -1.8082502664e-14, 5.3000000000e+05, 
1.1594202899e+00, 8.0577624830e+02, -1.5968670736e-14, 5.3000000000e+05, 
1.1594202899e+00, 8.0577624830e+02, 1.0498414933e-13, 5.3000000000e+05, 
1.1594202899e+00, 8.0577624830e+02, 1.4714514899e-13, 5.3000000000e+05, 
1.1594202899e+00, 8.0577624830e+02, 1.1946294343e-12, 5.3000000000e+05, 
1.1594202899e+00, 8.0577624830e+02, 2.3008652904e-12, 5.3000000000e+05, 
1.1594202899e+00, 8.0577624830e+02, 1.3124451985e-12, 5.3000000000e+05, 
1.1594202899e+00, 8.0577624830e+02, 4.8737350420e-12, 5.3000000000e+05, 
1.1594202899e+00, 8.0577624830e+02, -1.3525818227e-11, 5.3000000000e+05, 
1.1594202899e+00, 8.0577624830e+02, -3.3874368156e-11, 5.3000000000e+05, 
1.1594202899e+00, 8.0577624830e+02, 2.4042530126e-12, 5.3000000000e+05, 
1.1594202899e+00, 8.0577624830e+02, 9.6027123666e-11, 5.3000000000e+05, 
1.1594202899e+00, 8.0577624830e+02, -6.1462219151e-10, 5.3000000000e+05, 
1.1594202899e+00, 8.0577624830e+02, -1.9526153812e-12, 5.3000000000e+05, 
1.1594202898e+00, 8.0577624829e+02, -2.6289661876e-09, 5.2999999999e+05, 
1.1594202899e+00, 8.0577624830e+02, 3.0930328174e-09, 5.3000000001e+05, 
1.1594202898e+00, 8.0577624826e+02, -1.7560073713e-08, 5.2999999997e+05, 
1.1594202898e+00, 8.0577624859e+02, 1.4016334348e-08, 5.3000000023e+05, 
1.1594202909e+00, 8.0577624730e+02, -1.7119832469e-07, 5.2999999920e+05, 
1.1594202730e+00, 8.0577625104e+02, 1.5810836293e-08, 5.3000000227e+05, 
1.1594202902e+00, 8.0577620632e+02, -7.5191204242e-06, 5.2999996242e+05, 
1.1594200992e+00, 8.0577633339e+02, -1.0101874457e-05, 5.3000010443e+05, 
1.1594215963e+00, 8.0577541617e+02, -5.3402740480e-05, 5.2999908344e+05, 
1.1594113417e+00, 8.0578231054e+02, -9.8268413132e-05, 5.3000673028e+05, 
1.1606510072e+00, 8.0637387052e+02, 3.7760463565e-01, 5.3047924886e+05, 
1.1594207999e+00, 8.0577649775e+02, 1.3446891241e-04, 5.3000020417e+05, 
1.1580090358e+00, 8.0502671752e+02, -3.9107936111e-01, 5.2938227442e+05, 
1.1594203114e+00, 8.0577625939e+02, 6.3618555576e-06, 5.3000000900e+05, 
1.1594202899e+00, 8.0577624830e+02, 3.7214080285e-10, 5.3000000000e+05, 
1.1390065541e+00, 7.9638276311e+02, -5.3938030069e+00, 5.2253490149e+05, 
2.2809262343e+00, 1.0945548595e+03, 4.1649906056e+02, 9.7792066283e+05, 
1.1594210384e+00, 8.0577667502e+02, 2.0751351450e-04, 5.3000034035e+05, 
1.1594204724e+00, 8.0577634266e+02, 4.8715166848e-05, 5.3000007669e+05, 
2.4511689795e+00, 1.1456474254e+03, 4.1573036505e+02, 1.0362828511e+06, 
1.1587707746e+00, 8.0545222312e+02, -1.6841134423e-01, 5.2973475553e+05, 
1.1594202896e+00, 8.0577624817e+02, -7.1548496806e-08, 5.2999999990e+05, 
1.1593806177e+00, 8.0575557349e+02, -1.1608637210e-02, 5.2998324003e+05, 
1.1591983624e+00, 8.0569845027e+02, -2.6000965934e-03, 5.2993814713e+05, 
2.3442529813e+00, 1.1079120156e+03, 3.9812241199e+02, 9.9528250162e+05, 
1.1594202899e+00, 8.0577624830e+02, -6.5250874953e-10, 5.3000000000e+05, 
1.1594202839e+00, 8.0577624539e+02, -1.7011012728e-06, 5.2999999762e+05, 
1.1594202899e+00, 8.0577624830e+02, -4.0037894042e-13, 5.3000000000e+05, 
1.1594202875e+00, 8.0577624715e+02, -4.0467715277e-07, 5.2999999906e+05, 
1.1594207131e+00, 8.0577645735e+02, 1.0610962266e-04, 5.3000017013e+05, 
2.2189546605e+00, 1.1125199298e+03, 3.4738680943e+02, 9.5310155972e+05, 
1.1639323621e+00, 8.0715982525e+02, 1.0384149038e+00, 5.3115001716e+05, 
1.1594159753e+00, 8.0577413759e+02, -1.2564111048e-03, 5.2999828084e+05, 
1.2624090340e+00, 8.4345732052e+02, 3.8017587080e+01, 5.7227596614e+05, 
2.3821326442e+00, 1.1127414711e+03, 4.3726142733e+02, 1.0120058465e+06, 
1.1594202899e+00, 8.0577624829e+02, -9.6380574974e-10, 5.3000000000e+05, 
2.4487738588e+00, 1.1421370060e+03, 3.9444826157e+02, 1.0377637437e+06, 
1.5084340397e+00, 9.1001892667e+02, 1.1907549604e+02, 6.8492862125e+05, 
1.1594551673e+00, 8.0579430527e+02, 1.0058980662e-02, 5.3001465493e+05, 
1.9702459742e+00, 8.9378953334e+02, 2.1947486256e+02, 8.2548622232e+05, 
1.1594202931e+00, 8.0577625003e+02, 1.0377324807e-06, 5.3000000140e+05, 
1.1594202899e+00, 8.0577624830e+02, -4.2298846986e-13, 5.3000000000e+05, 
1.1589139266e+00, 8.0553585960e+02, -1.4649258898e-01, 5.2979926943e+05, 
1.1595432215e+00, 8.0583763925e+02, 3.6069321598e-02, 5.3005009784e+05, 
2.4133592221e+00, 1.1223705365e+03, 4.2318953741e+02, 1.0271848332e+06, 
1.1594201766e+00, 8.0577619015e+02, -3.2747170551e-05, 5.2999995275e+05, 
1.1594202899e+00, 8.0577624830e+02, 2.5692818289e-09, 5.3000000000e+05, 
1.1594204483e+00, 8.0577629377e+02, 1.0701483790e-05, 5.3000003959e+05, 
1.1594202888e+00, 8.0577624774e+02, -3.2659266102e-07, 5.2999999955e+05, 
2.3324153350e+00, 1.1037029738e+03, 4.1053961336e+02, 9.9230302349e+05, 
1.1593738802e+00, 8.0575312784e+02, -1.3535781496e-02, 5.2998107468e+05, 
1.7040617968e+00, 9.8580934785e+02, 1.7966964578e+02, 7.5013853501e+05, 
1.1594208207e+00, 8.0577651743e+02, 1.4961893001e-04, 5.3000021910e+05, 
1.1594202899e+00, 8.0577624833e+02, 2.4108160341e-08, 5.3000000003e+05, 
1.1593666821e+00, 8.0574821087e+02, -1.5420633729e-02, 5.2997729920e+05, 
2.3582985870e+00, 1.1004056368e+03, 4.0074704149e+02, 9.9854482594e+05, 
1.1594483436e+00, 8.0576584228e+02, 3.8605172666e-03, 5.2999566899e+05, 
1.1594082212e+00, 8.0576996517e+02, -3.6383756840e-03, 5.2999489351e+05, 
1.1641446308e+00, 8.0819677427e+02, 1.3686828889e+00, 5.3196738609e+05, 
1.1908396522e+00, 8.1182460814e+02, 1.2138792291e+01, 5.4047724682e+05, 
1.2932611596e+00, 8.4654716449e+02, 3.2591229168e+01, 5.8226338059e+05, 
1.1594202899e+00, 8.0577624830e+02, -8.6541526708e-10, 5.3000000000e+05, 
1.1594204838e+00, 8.0577634555e+02, 5.3994967174e-05, 5.3000007930e+05, 
2.4300826826e+00, 1.1293421497e+03, 3.9840298944e+02, 1.0212586663e+06, 
1.1594202899e+00, 8.0577624830e+02, -2.2824393800e-12, 5.3000000000e+05, 
1.1599492516e+00, 8.0618474570e+02, -6.1399829256e-02, 5.3021801706e+05, 
1.1594202897e+00, 8.0577624822e+02, -4.4402221886e-08, 5.2999999994e+05, 
1.1594202903e+00, 8.0577624851e+02, 1.1105445523e-07, 5.3000000018e+05, 
1.1596095097e+00, 8.0587336421e+02, 5.1993391718e-02, 5.3007894423e+05, 
1.1593851466e+00, 8.0575986291e+02, -5.4610984533e-03, 5.2998644827e+05, 
1.1594199405e+00, 8.0577606272e+02, -1.1313667654e-04, 5.2999985015e+05, 
2.4716853626e+00, 1.1653602466e+03, 3.9773985227e+02, 1.0468256582e+06, 
1.1594202893e+00, 8.0577624758e+02, -2.4390279235e-07, 5.2999999946e+05, 
1.1594202898e+00, 8.0577624829e+02, -4.0791624505e-09, 5.3000000000e+05, 
1.1709835976e+00, 8.1462441419e+02, 7.5164385998e+00, 5.3717862353e+05, 
1.1594201625e+00, 8.0577618056e+02, -2.9362378353e-05, 5.2999994525e+05, 
2.4424354685e+00, 1.1120090439e+03, 3.9242233564e+02, 1.0293047621e+06, 
1.1594210564e+00, 8.0577642530e+02, 2.9483433768e-04, 5.3000019020e+05, 
1.1594202899e+00, 8.0577624830e+02, 3.4167227681e-13, 5.3000000000e+05, 
1.1591877887e+00, 8.0561234063e+02, -2.5342363658e-01, 5.2989709447e+05, 
1.1594202899e+00, 8.0577624830e+02, -5.1790496353e-14, 5.3000000000e+05, 
1.7975829856e+00, 1.0043147599e+03, 2.1392738423e+02, 7.9063505994e+05, 
2.3919308386e+00, 1.0453240996e+03, 3.9500531893e+02, 1.0020325167e+06, 
2.3338240776e+00, 1.0853495522e+03, 3.9855446730e+02, 9.8660533538e+05, 
1.1594203571e+00, 8.0577628282e+02, 1.9446519945e-05, 5.3000002805e+05, 
1.1592040179e+00, 8.0566669457e+02, -6.2404166905e-02, 5.2991086717e+05, 
1.1594202899e+00, 8.0577624830e+02, -2.5699582378e-14, 5.3000000000e+05, 
1.1594710864e+00, 8.0580175032e+02, 1.1074682804e-02, 5.3001969322e+05, 
1.1594202899e+00, 8.0577624830e+02, 1.9687666607e-11, 5.3000000000e+05, 
1.1594108494e+00, 8.0577141874e+02, -2.7559379801e-03, 5.2999607333e+05, 
1.1594202899e+00, 8.0577624829e+02, -1.1579931646e-09, 5.3000000000e+05, 
1.1594202891e+00, 8.0577624796e+02, -1.8247428535e-07, 5.2999999972e+05, 
1.1594202901e+00, 8.0577624844e+02, 7.5353513738e-08, 5.3000000012e+05, 
1.1657318549e+00, 8.1084527043e+02, 3.4162445500e+00, 5.3551513186e+05, 
1.1594202899e+00, 8.0577624831e+02, 1.1603151281e-08, 5.3000000001e+05, 
1.1594202899e+00, 8.0577624830e+02, -1.0491576781e-11, 5.3000000000e+05, 
1.1594202937e+00, 8.0577625071e+02, 1.9867325677e-06, 5.3000000207e+05, 
1.1608797942e+00, 8.0643606400e+02, 2.9520869587e-01, 5.3053415172e+05, 
1.3993509098e+00, 8.7258074682e+02, 7.8662752969e+01, 6.4066269652e+05, 
2.4718370982e+00, 1.1421315825e+03, 4.2741901506e+02, 1.0426900315e+06, 
1.1471064134e+00, 7.9887528164e+02, -3.2359594296e+00, 5.2445912839e+05, 
2.3522502638e+00, 1.1237795174e+03, 4.1474237288e+02, 9.9583368176e+05, 
2.3836349007e+00, 1.0886964304e+03, 4.0091341327e+02, 1.0081656108e+06, 
1.1530578408e+00, 8.0528379443e+02, -1.9227872734e+00, 5.2887995239e+05, 
1.1594202859e+00, 8.0577624652e+02, -9.6224986378e-07, 5.2999999853e+05, 
1.7496454301e+00, 9.9610445747e+02, 1.9776697857e+02, 7.6760760685e+05, 
1.1594202899e+00, 8.0577624830e+02, 4.9256143907e-10, 5.3000000000e+05, 
1.1594201034e+00, 8.0577617453e+02, -4.3620749527e-05, 5.2999993730e+05, 
1.1594228044e+00, 8.0577726210e+02, 8.9197932946e-04, 5.3000085686e+05, 
1.1594142518e+00, 8.0577321612e+02, -1.6488875248e-03, 5.2999752767e+05, 
1.1594199826e+00, 8.0577610465e+02, -6.4729605202e-05, 5.2999988288e+05, 
2.4743512625e+00, 1.1536002913e+03, 4.2526659467e+02, 1.0378719952e+06, 
1.1594202899e+00, 8.0577624833e+02, 2.0568110154e-08, 5.3000000003e+05, 
1.1594202205e+00, 8.0577621254e+02, -2.1118944129e-05, 5.2999997096e+05, 
2.3093533303e+00, 1.0701748064e+03, 4.0574527870e+02, 9.7601541697e+05, 
2.4260934399e+00, 1.1519242539e+03, 4.1834747092e+02, 1.0260469758e+06, 
2.2257367862e+00, 9.7714197920e+02, 3.7089126699e+02, 9.3334091791e+05, 
2.4677496088e+00, 1.1545058827e+03, 4.4004669548e+02, 1.0519536949e+06, 
2.4074004367e+00, 1.1055258392e+03, 4.2776640370e+02, 1.0181055173e+06, 
1.1579971791e+00, 8.0505240183e+02, -4.2335174595e-01, 5.2941765439e+05, 
1.1253786098e+00, 7.8985977644e+02, -8.6743483331e+00, 5.1884243309e+05, 
1.1594202899e+00, 8.0577624830e+02, -4.1245198946e-11, 5.3000000000e+05, 
1.1594202899e+00, 8.0577624830e+02, -1.4840686900e-14, 5.3000000000e+05, 
2.3424316106e+00, 1.0830233317e+03, 3.9181708095e+02, 9.8839911818e+05, 
1.1594202020e+00, 8.0577620409e+02, -2.5090424726e-05, 5.2999996397e+05, 
1.1593745669e+00, 8.0575318791e+02, -1.3788632204e-02, 5.2998115604e+05, 
2.2922839875e+00, 1.0234660317e+03, 3.6302690131e+02, 9.6908570731e+05, 
1.1593896860e+00, 8.0576051777e+02, -8.4729873780e-03, 5.2998686443e+05, 
1.1594202899e+00, 8.0577624830e+02, 1.6136243948e-10, 5.3000000000e+05, 
1.1594202899e+00, 8.0577624830e+02, 9.5172326227e-11, 5.3000000000e+05, 
2.1990556496e+00, 1.0676876391e+03, 3.3473064372e+02, 9.5301036195e+05, 
1.1594142145e+00, 8.0577319462e+02, -1.6250970110e-03, 5.2999750583e+05, 
1.1594062559e+00, 8.0576900224e+02, -4.2922169819e-03, 5.2999411713e+05, 
2.3991292236e+00, 1.1388817890e+03, 4.1224553573e+02, 1.0204443931e+06, 
2.3802235490e+00, 1.0881954157e+03, 3.8293466476e+02, 1.0017995918e+06, 
1.1594202944e+00, 8.0577625061e+02, 1.3709623640e-06, 5.3000000188e+05, 
1.1594202885e+00, 8.0577624761e+02, -4.8585687247e-07, 5.2999999944e+05, 
1.1595691598e+00, 8.0584883184e+02, 4.1928415831e-02, 5.3005989312e+05, 
1.1594180047e+00, 8.0577511164e+02, -6.5693221716e-04, 5.2999907208e+05, 
1.1594190850e+00, 8.0577562484e+02, -3.3970499504e-04, 5.2999949392e+05, 
1.1594085691e+00, 8.0576883255e+02, -2.5978873256e-03, 5.2999414623e+05, 
1.1594177823e+00, 8.0577393385e+02, -1.7196871280e-03, 5.2999831489e+05, 
1.1594202798e+00, 8.0577624327e+02, -2.9626586169e-06, 5.2999999589e+05, 
1.1626074583e+00, 8.0747568242e+02, 9.4423771119e-01, 5.3137419385e+05, 
1.1594202899e+00, 8.0577624831e+02, 7.1517042675e-09, 5.3000000001e+05, 
1.1419922764e+00, 7.9594586228e+02, -4.2432238709e+00, 5.2228949972e+05, 
1.1594212417e+00, 8.0577673208e+02, 2.7839293721e-04, 5.3000039362e+05, 
1.1435394696e+00, 8.0030620555e+02, -3.9224148549e+00, 5.2569513870e+05, 
1.1593916912e+00, 8.0576111493e+02, -8.0992592483e-03, 5.2998779732e+05, 
1.1597888846e+00, 8.0597209925e+02, 1.0767446592e-01, 5.3015905638e+05, 
1.1594201963e+00, 8.0577619748e+02, -2.8354642719e-05, 5.2999995902e+05, 
1.1594202949e+00, 8.0577625076e+02, 9.7665841630e-07, 5.3000000202e+05, 
1.1594202899e+00, 8.0577624830e+02, -2.5367361462e-14, 5.3000000000e+05, 
1.1579190762e+00, 8.0501765572e+02, -4.1688516840e-01, 5.2938320572e+05, 
2.3627251777e+00, 1.1101120471e+03, 4.0061666866e+02, 1.0045409216e+06, 
1.1594202895e+00, 8.0577624809e+02, -1.1108236437e-07, 5.2999999983e+05, 
1.1594468118e+00, 8.0579012656e+02, 7.9164250191e-03, 5.3001124660e+05, 
2.4221415480e+00, 1.1077223984e+03, 4.2069054396e+02, 1.0287090711e+06, 
2.4338919967e+00, 1.0786154910e+03, 4.1284465415e+02, 1.0211169731e+06, 
1.1594776482e+00, 8.0579881143e+02, 1.3865623471e-02, 5.3001989644e+05, 
1.1594205783e+00, 8.0577639107e+02, 7.5697436977e-05, 5.3000011676e+05, 
1.1594338158e+00, 8.0578317173e+02, 3.6580719443e-03, 5.3000562388e+05, 
1.1594181258e+00, 8.0577618734e+02, -1.9920296339e-04, 5.2999979140e+05, 
1.1594203037e+00, 8.0577625536e+02, 3.9446560027e-06, 5.3000000574e+05, 
1.1593284610e+00, 8.0572615765e+02, -2.8729413898e-02, 5.2995980025e+05, 
1.1594202899e+00, 8.0577624830e+02, -3.5353006038e-10, 5.3000000000e+05, 
1.1233125303e+00, 7.8784392930e+02, -9.6964802655e+00, 5.1547167466e+05, 
1.4218294037e+00, 9.0202664508e+02, 8.3681683055e+01, 6.4225244314e+05, 
1.1622529964e+00, 8.0738636107e+02, 8.9085352384e-01, 5.3127519298e+05, 
1.1594202899e+00, 8.0577624830e+02, 3.6516141940e-14, 5.3000000000e+05, 
1.1594202899e+00, 8.0577624830e+02, -2.8119639926e-11, 5.3000000000e+05, 
1.1594202782e+00, 8.0577623952e+02, -6.2985222453e-06, 5.2999999304e+05, 
1.1594202899e+00, 8.0577624830e+02, 1.4446764863e-10, 5.3000000000e+05, 
1.1594202899e+00, 8.0577624831e+02, 1.1846129875e-08, 5.3000000001e+05, 
1.1594404182e+00, 8.0580084189e+02, 1.0387449345e-02, 5.3001948029e+05, 
2.1880335407e+00, 1.0861620565e+03, 3.1037513383e+02, 9.3998016637e+05, 
1.1597560125e+00, 8.0595486643e+02, 9.2423969845e-02, 5.3014162371e+05, 
1.1594202899e+00, 8.0577624832e+02, 1.4859523394e-08, 5.3000000002e+05, 
2.0566238864e+00, 1.0738313274e+03, 2.8198958418e+02, 8.9032441496e+05, 
2.3127633927e+00, 1.0370568721e+03, 3.8373208533e+02, 9.7129762491e+05, 
2.3314065601e+00, 1.0940609633e+03, 3.8295180815e+02, 9.9531491761e+05, 
1.1594202904e+00, 8.0577624855e+02, 1.3683287174e-07, 5.3000000021e+05, 
2.4130025237e+00, 1.1460332587e+03, 4.1431822674e+02, 1.0182163637e+06, 
1.1645065921e+00, 8.1440460346e+02, 2.0140258242e+00, 5.3662522674e+05, 
1.1528358475e+00, 8.0249599313e+02, -1.9975215098e+00, 5.2766619715e+05, 
1.1594203033e+00, 8.0577625494e+02, 3.3981230540e-06, 5.3000000543e+05, 
1.1594131475e+00, 8.0577031963e+02, -5.4876607517e-03, 5.2999624964e+05, 
1.1594202899e+00, 8.0577624830e+02, -1.1786038339e-10, 5.3000000000e+05, 
2.3400155946e+00, 1.0752103292e+03, 3.9144674387e+02, 9.8612181161e+05, 
1.1594300575e+00, 8.0578185817e+02, 3.2225783209e-03, 5.3000444514e+05, 
1.1594226142e+00, 8.0577739532e+02, 6.7508404583e-04, 5.3000093747e+05, 
2.4409538015e+00, 1.1121111107e+03, 4.1835390500e+02, 1.0334184997e+06, 
1.1591869183e+00, 8.0565404473e+02, -6.1968685103e-02, 5.2991228272e+05, 
1.1594202899e+00, 8.0577624830e+02, -5.5085810964e-13, 5.3000000000e+05, 
1.1594202354e+00, 8.0577623118e+02, -8.1277225927e-06, 5.2999998862e+05, 
1.1594202903e+00, 8.0577624851e+02, 1.2311804566e-07, 5.3000000018e+05, 
1.1594203540e+00, 8.0577628034e+02, 1.8396199488e-05, 5.3000002614e+05, 
1.1594847714e+00, 8.0580835242e+02, 1.9588846171e-02, 5.3002621395e+05, 
1.1594202898e+00, 8.0577624829e+02, -1.6938596111e-09, 5.3000000000e+05, 
1.1594202898e+00, 8.0577624829e+02, -3.0240197295e-09, 5.3000000000e+05, 
1.1594202850e+00, 8.0577624574e+02, -1.4114598756e-06, 5.2999999793e+05, 
1.1594200052e+00, 8.0577610849e+02, -7.6289116854e-05, 5.2999988565e+05, 
2.4124364822e+00, 1.0797343638e+03, 4.0924852400e+02, 1.0136271569e+06, 
1.1594399039e+00, 8.0578629173e+02, 5.4184910070e-03, 5.3000815712e+05, 
1.1594202896e+00, 8.0577624820e+02, -1.1324084482e-07, 5.2999999992e+05, 
1.1594202899e+00, 8.0577624830e+02, 1.3067551000e-10, 5.3000000000e+05, 
2.3739170318e+00, 1.1043048731e+03, 4.0411829004e+02, 1.0068137709e+06, 
1.1662587636e+00, 8.0930944390e+02, 2.0259309737e+00, 5.3287059984e+05, 
2.2324689680e+00, 1.0056070377e+03, 3.6685721758e+02, 9.4556208820e+05, 
2.3596114468e+00, 1.1248124743e+03, 4.1165664999e+02, 1.0056033743e+06, 
1.1594201574e+00, 8.0577618047e+02, -3.7277975413e-05, 5.2999994486e+05, 
1.1594202899e+00, 8.0577624829e+02, -1.5270848237e-09, 5.3000000000e+05, 
1.1594204217e+00, 8.0577631336e+02, 4.1898095309e-05, 5.3000005314e+05, 
2.4041003433e+00, 1.1214339175e+03, 4.0787518467e+02, 1.0196731668e+06, 
1.3590998814e+00, 8.7983323249e+02, 7.8847322493e+01, 6.1126003574e+05, 
1.1594202899e+00, 8.0577624830e+02, 3.8183746157e-10, 5.3000000000e+05, 
1.1594202899e+00, 8.0577624833e+02, 1.1501615712e-08, 5.3000000003e+05, 
1.1597174776e+00, 8.0592644172e+02, 8.3265443450e-02, 5.3012131629e+05, 
1.1594202899e+00, 8.0577624830e+02, 2.2897521590e-11, 5.3000000000e+05, 
1.1601164169e+00, 8.0615879170e+02, 3.5708719444e-01, 5.3021729923e+05, 
1.1594202942e+00, 8.0577625048e+02, 7.3842945591e-07, 5.3000000173e+05, 
1.1594202889e+00, 8.0577624779e+02, -2.6882844863e-07, 5.2999999959e+05, 
1.1590703602e+00, 8.0559590660e+02, -1.0338844534e-01, 5.2985344671e+05, 
2.3494439568e+00, 1.1125467247e+03, 4.0484475406e+02, 9.9181910098e+05, 
2.3782324769e+00, 1.1388108336e+03, 3.7236347657e+02, 1.0213121811e+06, 
2.3429900489e+00, 1.0733552572e+03, 3.9292900698e+02, 9.8684060190e+05, 
1.4409152226e+00, 9.0486497818e+02, 9.4410780482e+01, 6.4521670986e+05, 
1.1594202899e+00, 8.0577624830e+02, 1.0678355159e-12, 5.3000000000e+05, 
1.1594201828e+00, 8.0577465500e+02, -2.7257208635e-04, 5.2999908681e+05, 
1.1594202899e+00, 8.0577624830e+02, -6.7664811351e-14, 5.3000000000e+05, 
1.1594220079e+00, 8.0577685450e+02, 3.9593954668e-04, 5.3000053882e+05, 
2.4652791741e+00, 1.1620950443e+03, 4.1477358462e+02, 1.0347229888e+06, 
1.1594202904e+00, 8.0577624856e+02, 1.5354276095e-07, 5.3000000022e+05, 
2.3906790682e+00, 1.1190536871e+03, 4.1435926869e+02, 1.0169487591e+06, 
1.1594202884e+00, 8.0577624761e+02, -4.0179221305e-07, 5.2999999943e+05, 
1.1594203129e+00, 8.0577626137e+02, 9.4566377726e-06, 5.3000001048e+05, 
1.1620312848e+00, 8.0702677736e+02, 7.3403743034e-01, 5.3095611791e+05, 
1.1594166090e+00, 8.0577459661e+02, -9.9193074278e-04, 5.2999862802e+05, 
1.1594202898e+00, 8.0577624828e+02, -8.6872346530e-09, 5.2999999999e+05, 
1.1594202899e+00, 8.0577624830e+02, -9.0987918323e-12, 5.3000000000e+05, 
1.1371213921e+00, 8.0294123527e+02, -3.2380935430e+00, 5.3179610304e+05, 
1.1594202899e+00, 8.0577624830e+02, -1.7148050021e-12, 5.3000000000e+05, 
1.1589810824e+00, 8.0553890255e+02, -1.3343290121e-01, 5.2980892945e+05, 
1.1604700100e+00, 8.0629540307e+02, 2.8809544008e-01, 5.3042350310e+05, 
1.1402538332e+00, 7.9615934201e+02, -5.0998958482e+00, 5.2223954902e+05, 
1.1594197632e+00, 8.0577600114e+02, -1.3939629316e-04, 5.2999979499e+05, 
1.1594202899e+00, 8.0577624830e+02, 4.3156540075e-13, 5.3000000000e+05, 
1.7685297867e+00, 9.8194114293e+02, 1.9258969288e+02, 7.7677078941e+05, 
1.1490688294e+00, 8.0188233536e+02, -3.7166873374e+00, 5.2668162660e+05, 
1.1594202898e+00, 8.0577624828e+02, -7.3225536669e-09, 5.2999999999e+05, 
1.1594202899e+00, 8.0577624830e+02, -3.5125703679e-10, 5.3000000000e+05, 
1.5150708373e+00, 9.2100285923e+02, 1.1768447153e+02, 6.7726438092e+05, 
2.3173190043e+00, 1.0648275895e+03, 3.8809883722e+02, 9.7689353938e+05, 
1.1594202895e+00, 8.0577624811e+02, -1.0258438460e-07, 5.2999999985e+05, 
2.4396842223e+00, 1.1501583806e+03, 4.3017326953e+02, 1.0314797725e+06, 
2.3819474062e+00, 1.0710989188e+03, 4.0694528061e+02, 1.0005789773e+06, 
2.3620897880e+00, 1.1159090509e+03, 4.1883887322e+02, 1.0049217226e+06, 
1.1594202899e+00, 8.0577624830e+02, -8.1559937104e-14, 5.3000000000e+05, 
2.4412732539e+00, 1.0849726913e+03, 3.8135938088e+02, 1.0232465509e+06, 
1.1594202899e+00, 8.0577624830e+02, 1.5264484305e-11, 5.3000000000e+05, 
1.2297022004e+00, 8.2819894828e+02, 2.8337315573e+01, 5.5802323176e+05, 
1.1594202899e+00, 8.0577624830e+02, 2.1299839466e-10, 5.3000000000e+05, 
1.1594202899e+00, 8.0577624830e+02, 3.7273825633e-14, 5.3000000000e+05, 
1.1594202899e+00, 8.0577624830e+02, -2.1856242747e-14, 5.3000000000e+05, 
1.1594761142e+00, 8.0580526791e+02, 1.6962724567e-02, 5.3002353292e+05, 
2.0583265516e+00, 1.0360389187e+03, 2.8072279903e+02, 8.8743439550e+05, 
2.4792915257e+00, 1.1444798068e+03, 4.3069336356e+02, 1.0435006722e+06, 
1.1594211238e+00, 8.0577667330e+02, 3.2488441507e-04, 5.3000034573e+05, 
1.1594203284e+00, 8.0577626896e+02, 1.2937609606e-05, 5.3000001669e+05, 
1.1594202892e+00, 8.0577624800e+02, -1.1084471476e-07, 5.2999999976e+05, 
2.3255682938e+00, 1.0270338966e+03, 3.6544818179e+02, 9.7801912157e+05, 
1.1594202414e+00, 8.0577622435e+02, -1.3247947728e-05, 5.2999998044e+05, 
1.1594202899e+00, 8.0577624830e+02, -6.1547082495e-12, 5.3000000000e+05, 
1.1594202897e+00, 8.0577624821e+02, -4.4131914540e-08, 5.2999999993e+05, 
1.1584730961e+00, 8.0627624196e+02, -1.4698952611e-01, 5.3052591225e+05, 
1.1594472230e+00, 8.0579065098e+02, 7.8641856763e-03, 5.3001156700e+05, 
1.3292096820e+00, 8.6619162016e+02, 5.7419420945e+01, 6.0100064152e+05, 
1.6726875736e+00, 9.7893292590e+02, 1.8102820786e+02, 7.3587759418e+05, 
1.1594202868e+00, 8.0577624676e+02, 4.0768586903e-07, 5.2999999875e+05, 
1.1594202899e+00, 8.0577624829e+02, -1.3502634308e-09, 5.3000000000e+05, 
2.4814694077e+00, 1.1545543765e+03, 3.9977659641e+02, 1.0447778543e+06, 
2.4359901510e+00, 1.1353111462e+03, 3.9233314938e+02, 1.0321758355e+06, 
1.3038413457e+00, 8.0108505581e+02, 1.7894543127e+01, 5.7496021951e+05, 
1.1594200743e+00, 8.0577613968e+02, -6.3985062728e-05, 5.2999991150e+05, 
1.3041611521e+00, 8.4989206208e+02, 4.9464443765e+01, 5.9272991635e+05, 
1.1594202898e+00, 8.0577624824e+02, -1.9683835680e-09, 5.2999999996e+05, 
1.1594202899e+00, 8.0577624830e+02, 7.5320101779e-14, 5.3000000000e+05, 
1.1357203444e+00, 7.9511112772e+02, -6.9276531408e+00, 5.2098472462e+05, 
1.1594209729e+00, 8.0577654941e+02, 2.0000884538e-04, 5.3000025085e+05, 
1.1594205729e+00, 8.0577519318e+02, -3.9850771713e-04, 5.2999909495e+05, 
1.1594202899e+00, 8.0577624830e+02, 1.5096204763e-12, 5.3000000000e+05, 
1.1593432457e+00, 8.0573702139e+02, -2.2251825573e-02, 5.2996808559e+05, 
1.1594213396e+00, 8.0577678288e+02, 3.0690120371e-04, 5.3000043482e+05, 
1.1594204542e+00, 8.0577624228e+02, -4.8076602640e-07, 5.3000001224e+05, 
1.1594308792e+00, 8.0578173769e+02, 3.5549501195e-03, 5.3000446342e+05, 
1.7637665870e+00, 9.7119154655e+02, 1.9171261196e+02, 7.6707628066e+05, 
1.1590424070e+00, 8.0561120726e+02, -1.0894371501e-01, 5.2987110668e+05, 
2.4715521037e+00, 1.0603756556e+03, 3.5549639118e+02, 1.0436876415e+06, 
1.1594202899e+00, 8.0577624830e+02, 4.2545480700e-10, 5.3000000000e+05, 
2.3741704134e+00, 1.1046615209e+03, 3.9561414065e+02, 1.0048134264e+06, 
1.1539864570e+00, 8.0296564586e+02, -1.5740973117e+00, 5.2774361782e+05, 
1.1594202899e+00, 8.0577624830e+02, -3.9955149739e-10, 5.3000000000e+05, 
2.3387340818e+00, 1.0807408297e+03, 3.8973598568e+02, 9.8610133746e+05, 
2.4601762948e+00, 1.1343056778e+03, 4.2399346864e+02, 1.0425017638e+06, 
1.1594202899e+00, 8.0577624830e+02, -3.2777721016e-14, 5.3000000000e+05, 
1.1594284658e+00, 8.0578028818e+02, 1.9679892047e-03, 5.3000326393e+05, 
1.1594202953e+00, 8.0577625092e+02, 1.4610731943e-06, 5.3000000215e+05, 
1.1594205703e+00, 8.0577640665e+02, 8.7406221049e-05, 5.3000012702e+05, 
2.0511095743e+00, 1.0326912765e+03, 2.8357545656e+02, 8.8341329543e+05, 
1.1594716712e+00, 8.0580476487e+02, 2.0693409520e-02, 5.3002130214e+05, 
1.1594202904e+00, 8.0577624863e+02, 1.3988833350e-07, 5.3000000027e+05, 
1.1594202907e+00, 8.0577624869e+02, 2.1351302525e-07, 5.3000000032e+05, 
1.1509755444e+00, 8.0147484850e+02, -2.2706541629e+00, 5.2657360815e+05, 
1.1594202669e+00, 8.0577623727e+02, -7.2940630642e-06, 5.2999999096e+05, 
1.1594203002e+00, 8.0577625309e+02, 2.5797842599e-06, 5.3000000396e+05, 
2.3296489774e+00, 1.1289908949e+03, 4.2439759610e+02, 9.8892052162e+05, 
2.3596287755e+00, 1.0490441424e+03, 3.9360570168e+02, 9.9775838760e+05, 
1.1594202900e+00, 8.0577624835e+02, 2.9348535876e-08, 5.3000000004e+05, 
1.1594202899e+00, 8.0577624830e+02, 3.6797878936e-13, 5.3000000000e+05, 
1.1587696829e+00, 8.0545499527e+02, -1.9025981329e-01, 5.2973698074e+05, 
1.1594887748e+00, 8.0581180761e+02, 1.9867772819e-02, 5.3002884374e+05, 
1.1616147632e+00, 8.0681590822e+02, 6.4855630578e-01, 5.3087949051e+05, 
2.3797164069e+00, 1.0962796220e+03, 4.0390805852e+02, 1.0085071032e+06, 
2.3566255677e+00, 1.0968737835e+03, 4.0192336973e+02, 9.9713320255e+05, 
1.1594197305e+00, 8.0577587412e+02, -2.1937933376e-04, 5.2999971577e+05, 
1.1594202899e+00, 8.0577624830e+02, 2.2699555228e-10, 5.3000000000e+05, 
1.1612207680e+00, 8.0673862770e+02, 5.2695544181e-01, 5.3077798541e+05, 
1.1594202899e+00, 8.0577624830e+02, 2.5120107377e-13, 5.3000000000e+05, 
1.1594187383e+00, 8.0577540563e+02, -3.1729882488e-04, 5.2999932086e+05, 
1.1594203502e+00, 8.0577628013e+02, 1.8559163137e-05, 5.3000002577e+05, 
1.6738789333e+00, 9.7187857270e+02, 1.6337224711e+02, 7.4087761634e+05, 
1.1594202899e+00, 8.0577624830e+02, 3.0852207521e-14, 5.3000000000e+05, 
1.1594202899e+00, 8.0577624830e+02, -6.2383901592e-11, 5.3000000000e+05, 
1.1593757027e+00, 8.0575366382e+02, -1.2486494123e-02, 5.2998161537e+05, 
1.1608604292e+00, 8.0639552504e+02, 3.5159351412e-01, 5.3051709167e+05, 
1.1594127051e+00, 8.0577224546e+02, -2.1568421393e-03, 5.2999675978e+05, 
1.1594205495e+00, 8.0577637490e+02, 3.3662902794e-05, 5.3000010589e+05, 
1.1612912872e+00, 8.0612422173e+02, 1.5149440886e-01, 5.3032180142e+05, 
2.3408828915e+00, 1.1033382216e+03, 3.9094131785e+02, 9.9772090827e+05, 
1.1624485531e+00, 8.0744060645e+02, 8.8027442777e-01, 5.3147556277e+05, 
2.3589561129e+00, 1.0402514907e+03, 3.9602264111e+02, 9.9742060253e+05, 
2.0733578849e+00, 1.0646370695e+03, 2.9762952084e+02, 8.9502388342e+05, 
1.1594277163e+00, 8.0578002531e+02, 2.1555986967e-03, 5.3000307326e+05, 
1.1597623132e+00, 8.0602910384e+02, 9.4618699881e-02, 5.3019056856e+05, 
2.3840602094e+00, 1.1116750728e+03, 4.0482635287e+02, 1.0071723058e+06, 
1.1594203338e+00, 8.0577627060e+02, 2.3131924037e-05, 5.3000001816e+05, 
1.1594291663e+00, 8.0578066218e+02, 2.6419377423e-03, 5.3000360999e+05, 
2.3237255412e+00, 1.0615244401e+03, 3.8720583852e+02, 9.7887198006e+05, 
1.1594202890e+00, 8.0577624786e+02, -2.4992266673e-07, 5.2999999965e+05, 
1.1594156469e+00, 8.0577356908e+02, -1.6429262561e-03, 5.2999778035e+05, 
1.1693988813e+00, 8.1158687819e+02, 2.5919595358e+00, 5.3440078924e+05, 
2.3510475710e+00, 1.1202571854e+03, 4.2650635558e+02, 9.9550207435e+05, 
2.3225947035e+00, 1.1145612685e+03, 3.9590568308e+02, 9.8965760811e+05, 
1.1594202898e+00, 8.0577624826e+02, -2.5262394840e-08, 5.2999999997e+05, 
1.1594202899e+00, 8.0577624830e+02, -3.0157326696e-11, 5.3000000000e+05, 
2.4387795827e+00, 1.1239330123e+03, 4.3009377893e+02, 1.0330337743e+06, 
2.4403534866e+00, 1.1474419019e+03, 4.0235078644e+02, 1.0269698849e+06, 
1.1594207731e+00, 8.0577646116e+02, 6.6469837410e-05, 5.3000017747e+05, 
1.1594202899e+00, 8.0577624830e+02, 2.0859258471e-10, 5.3000000000e+05, 
2.5068840497e+00, 1.0780036373e+03, 3.9541181298e+02, 1.0462103041e+06, 
2.3516616991e+00, 1.1067104600e+03, 3.9623980447e+02, 1.0023150467e+06, 
1.1802742395e+00, 8.1382394191e+02, 8.6988822606e+00, 5.3997181570e+05, 
1.1594202899e+00, 8.0577624830e+02, 9.9753151039e-11, 5.3000000000e+05, 
2.4549233638e+00, 1.1476024295e+03, 4.0062851071e+02, 1.0324157872e+06, 
1.1594324492e+00, 8.0578227225e+02, 3.4405897912e-03, 5.3000492083e+05, 
1.1547135928e+00, 8.0199144320e+02, -1.4007653961e+00, 5.2714503555e+05, 
2.2677524731e+00, 1.0965149550e+03, 3.7309790618e+02, 9.8286469655e+05, 
1.1425506829e+00, 7.9429786464e+02, -4.1024494187e+00, 5.2125940836e+05, 
1.1593659549e+00, 8.0573426202e+02, -5.1622443839e-02, 5.2996601766e+05, 
2.2399593727e+00, 1.0499877474e+03, 3.8306940472e+02, 9.4731512902e+05, 
1.1594202899e+00, 8.0577624830e+02, 1.0122590414e-10, 5.3000000000e+05, 
1.1594202899e+00, 8.0577624830e+02, 3.2083358793e-14, 5.3000000000e+05, 
1.1594202900e+00, 8.0577624837e+02, 3.8794459228e-08, 5.3000000006e+05, 
2.3124755485e+00, 1.0553081037e+03, 4.0343935684e+02, 9.7468494385e+05, 
1.1594203006e+00, 8.0577625260e+02, 2.7716980316e-06, 5.3000000364e+05, 
2.2114899199e+00, 1.0335633472e+03, 4.0068480761e+02, 9.4680891065e+05, 
1.1594202900e+00, 8.0577624835e+02, 1.6847356132e-08, 5.3000000004e+05, 
1.1594202899e+00, 8.0577624830e+02, 2.7154234416e-10, 5.3000000000e+05, 
1.1594202899e+00, 8.0577624829e+02, -2.6951513397e-09, 5.3000000000e+05, 
1.1594202899e+00, 8.0577624830e+02, 1.7415986771e-13, 5.3000000000e+05, 
1.1465914683e+00, 8.0022471725e+02, -3.9365715655e+00, 5.2527952034e+05, 
2.4096893245e+00, 1.1054185094e+03, 4.2171425645e+02, 1.0203216906e+06, 
2.3875589570e+00, 1.1203227055e+03, 4.0232859962e+02, 1.0175109030e+06, 
1.1628667666e+00, 8.0747854556e+02, 9.7734434833e-01, 5.3138307077e+05, 
1.1594202899e+00, 8.0577624830e+02, 2.7099022929e-09, 5.3000000000e+05, 
2.3654893059e+00, 1.0856161590e+03, 4.2780773310e+02, 1.0003595991e+06, 
1.1594203479e+00, 8.0577627728e+02, 1.7939576872e-05, 5.3000002364e+05, 
2.4923954075e+00, 1.1593268712e+03, 4.4021864438e+02, 1.0506896257e+06, 
1.1594204221e+00, 8.0577631319e+02, 3.5918260784e-05, 5.3000005292e+05, 
1.1331066841e+00, 7.9165671347e+02, -8.1678396387e+00, 5.1847983176e+05, 
1.6644662653e+00, 9.5111126787e+02, 1.5107305017e+02, 7.4780059583e+05, 
1.1594189408e+00, 8.0577557727e+02, -3.2110566813e-04, 5.2999946005e+05, 
1.1594202899e+00, 8.0577624830e+02, -1.1179694096e-13, 5.3000000000e+05, 
1.1628889973e+00, 8.0764747365e+02, 9.8480381475e-01, 5.3151471839e+05, 
1.1594202859e+00, 8.0577624559e+02, -1.8391208878e-06, 5.2999999753e+05, 
1.1594202899e+00, 8.0577624830e+02, -1.9287674868e-10, 5.3000000000e+05, 
1.1594202899e+00, 8.0577624830e+02, 1.1060811356e-10, 5.3000000000e+05, 
1.3290006384e+00, 8.5943304484e+02, 4.3726821994e+01, 5.9533952898e+05, 
1.1594203282e+00, 8.0577626776e+02, 1.1539620087e-05, 5.3000001558e+05, 
2.3749545589e+00, 1.1272492257e+03, 4.0628880856e+02, 1.0084654823e+06, 
1.1594202899e+00, 8.0577624830e+02, 3.0698441421e-12, 5.3000000000e+05, 
1.1594342558e+00, 8.0578336402e+02, 3.7935370721e-03, 5.3000578815e+05, 
1.1594202899e+00, 8.0577624830e+02, 1.5663382330e-11, 5.3000000000e+05, 
1.1594136077e+00, 8.0577277486e+02, -1.9855781384e-03, 5.2999718256e+05, 
1.1594189682e+00, 8.0577562664e+02, -3.0874021432e-04, 5.2999948815e+05, 
1.1588004181e+00, 8.0545174055e+02, -1.7132660974e-01, 5.2973600989e+05, 
1.1594184427e+00, 8.0577534125e+02, -5.3053532860e-04, 5.2999925810e+05, 
1.1493416085e+00, 8.0106289031e+02, -2.2300731242e+00, 5.2586849744e+05, 
1.1594202789e+00, 8.0577624301e+02, -2.8650657861e-06, 5.2999999568e+05, 
1.1594202899e+00, 8.0577624830e+02, 4.7061191065e-09, 5.3000000001e+05, 
1.1594202861e+00, 8.0577624678e+02, -1.2903902923e-06, 5.2999999872e+05, 
1.1595213080e+00, 8.0581053625e+02, 3.4273389008e-02, 5.3003320042e+05, 
1.1594202899e+00, 8.0577624830e+02, 1.7509387617e-13, 5.3000000000e+05, 
2.3483435666e+00, 1.0711339040e+03, 3.9320257771e+02, 9.8846471197e+05, 
1.1594857132e+00, 8.0581091525e+02, 1.8737176693e-02, 5.3002799668e+05, 
1.1594202881e+00, 8.0577624743e+02, -5.0176257502e-07, 5.2999999929e+05, 
1.1594200352e+00, 8.0577611678e+02, -7.5593167134e-05, 5.2999989332e+05, 
1.1308368860e+00, 7.9409972710e+02, -8.7156149820e+00, 5.2189470888e+05, 
1.1594204514e+00, 8.0577633618e+02, 5.2390065931e-05, 5.3000007083e+05, 
1.1594201550e+00, 8.0577618240e+02, -3.8051466849e-05, 5.2999994606e+05, 
1.1594485819e+00, 8.0579087517e+02, 8.2428432720e-03, 5.3001187586e+05, 
1.1594419293e+00, 8.0578689442e+02, 5.4020450891e-03, 5.3000871107e+05, 
1.1594427200e+00, 8.0578786104e+02, 6.6352378449e-03, 5.3000942492e+05, 
1.1594309800e+00, 8.0578200388e+02, 3.7347762682e-03, 5.3000464595e+05, 
2.4690720327e+00, 1.1315871301e+03, 4.2112866630e+02, 1.0403691608e+06, 
1.1297151603e+00, 7.9041428206e+02, -6.9961790398e+00, 5.1803485415e+05, 
1.3862685380e+00, 8.6984712940e+02, 6.6153016656e+01, 6.2404534522e+05, 
1.1594239661e+00, 8.0577810353e+02, 7.4909483705e-04, 5.3000151413e+05, 
1.1594201800e+00, 8.0577619511e+02, -3.2727134553e-05, 5.2999995640e+05, 
1.1594202782e+00, 8.0577624832e+02, -2.7026992265e-06, 5.3000000022e+05, 
1.1593887816e+00, 8.0576051257e+02, -9.1003655458e-03, 5.2998706376e+05, 
2.3222959675e+00, 1.0864463083e+03, 3.8704806775e+02, 9.8264462788e+05, 
1.1594846553e+00, 8.0580969856e+02, 2.0814528690e-02, 5.3002745333e+05, 
1.1594203081e+00, 8.0577625726e+02, 5.1346040278e-06, 5.3000000733e+05, 
1.1594202843e+00, 8.0577624545e+02, -1.5403056173e-06, 5.2999999769e+05, 
1.1324304495e+00, 7.9355557285e+02, -8.6519786773e+00, 5.2023903493e+05, 
2.4295907086e+00, 1.1118742758e+03, 4.1902026022e+02, 1.0241665776e+06, 
1.1594200824e+00, 8.0577614541e+02, -5.8603346055e-05, 5.2999991594e+05, 
1.1594202899e+00, 8.0577624830e+02, -2.2573298923e-11, 5.3000000000e+05, 
1.1594202910e+00, 8.0577624891e+02, 3.0817451211e-07, 5.3000000050e+05, 
2.3827874877e+00, 1.0998225207e+03, 4.2283370649e+02, 1.0112085999e+06, 
1.1594202899e+00, 8.0577624830e+02, -6.8593003768e-15, 5.3000000000e+05, 
1.1593431808e+00, 8.0573799693e+02, -2.1796753116e-02, 5.2996882213e+05, 
1.1594202898e+00, 8.0577624829e+02, -8.2174686130e-09, 5.2999999999e+05, 
1.1595564068e+00, 8.0585077577e+02, 3.7559184895e-02, 5.3005943208e+05, 
1.1594202899e+00, 8.0577624830e+02, 3.7124175414e-12, 5.3000000000e+05, 
1.1594176800e+00, 8.0577502071e+02, -7.3068330573e-04, 5.2999898907e+05, 
1.1594202899e+00, 8.0577624831e+02, 7.2912890355e-09, 5.3000000001e+05, 
1.4887079486e+00, 9.2094079301e+02, 1.0431705112e+02, 6.6836037441e+05, 
1.1606773268e+00, 8.0641701985e+02, 3.6833630746e-01, 5.3052129969e+05, 
1.1588263848e+00, 8.0548927211e+02, -1.6588270676e-01, 5.2976287303e+05, 
2.3889997309e+00, 1.1017157582e+03, 3.9317752248e+02, 1.0058382681e+06, 
2.3428902192e+00, 1.0660397956e+03, 3.8733486746e+02, 9.8608362091e+05, 
1.1594202406e+00, 8.0577622395e+02, -1.2104209835e-05, 5.2999998009e+05, 
1.1593442275e+00, 8.0573770080e+02, -2.4414479135e-02, 5.2996838820e+05, 
1.1594205664e+00, 8.0577644234e+02, 1.0315527629e-04, 5.3000013139e+05, 
2.4205077922e+00, 1.1256253505e+03, 4.1459839686e+02, 1.0228806122e+06, 
1.2085529931e+00, 8.2767810170e+02, 2.0192954561e+01, 5.5263318686e+05, 
2.3630499772e+00, 1.1236425536e+03, 4.0762043319e+02, 1.0063965284e+06, 
2.4133358695e+00, 1.0987988342e+03, 4.2064989976e+02, 1.0186606724e+06, 
1.1595248713e+00, 8.0582253077e+02, 3.1603725863e-02, 5.3003691166e+05, 
1.1594202899e+00, 8.0577624830e+02, 5.0141001625e-10, 5.3000000000e+05, 
1.8749290772e+00, 1.0235696249e+03, 2.1309654248e+02, 8.3079974176e+05, 
1.1588527068e+00, 8.0548643890e+02, -1.6226439706e-01, 5.2976441460e+05, 
2.4227741436e+00, 1.1448205824e+03, 4.2639669862e+02, 1.0309611194e+06, 
2.3569467352e+00, 1.1140363821e+03, 4.0649186530e+02, 1.0024592873e+06, 
1.1600730971e+00, 8.0610429211e+02, 1.8255399717e-01, 5.3026713571e+05, 
1.1594202898e+00, 8.0577624827e+02, -1.0233801956e-08, 5.2999999998e+05, 
1.1594988527e+00, 8.0581731848e+02, 2.2931614806e-02, 5.3003333390e+05, 
2.3287624660e+00, 1.0617220412e+03, 3.8004972144e+02, 9.8050463042e+05, 
1.1594201388e+00, 8.0577617172e+02, -1.1212726984e-04, 5.2999993766e+05, 
1.1594202893e+00, 8.0577624806e+02, -1.1638582151e-07, 5.2999999980e+05, 
2.4040083482e+00, 1.0885136876e+03, 3.9063398534e+02, 1.0109625287e+06, 
1.1593179986e+00, 8.0572393683e+02, -3.4150646955e-02, 5.2995730390e+05, 
1.8943895512e+00, 1.0134879743e+03, 2.4123142827e+02, 8.2355981573e+05, 
2.4343647911e+00, 1.1009201812e+03, 4.1117587237e+02, 1.0355377529e+06, 
1.1600650758e+00, 8.0601660153e+02, 2.0369313766e-01, 5.3022431992e+05, 
1.1593250576e+00, 8.0572816839e+02, -2.8047958468e-02, 5.2996083948e+05, 
1.1594168252e+00, 8.0577445230e+02, -9.8940517953e-04, 5.2999854301e+05, 
1.1704797936e+00, 8.1174709413e+02, 3.3773601726e+00, 5.3495002680e+05, 
1.1594202876e+00, 8.0577624695e+02, -9.6524497485e-07, 5.2999999893e+05, 
2.4362047503e+00, 1.1134775501e+03, 3.7986645380e+02, 1.0264525951e+06, 
1.1594127013e+00, 8.0577203828e+02, -1.8775218310e-03, 5.2999663870e+05, 
1.1594202908e+00, 8.0577624797e+02, 3.5186695312e-08, 5.2999999974e+05, 
1.1594241892e+00, 8.0577826274e+02, 1.3876944971e-03, 5.3000163542e+05, 
2.2797045908e+00, 1.0210735346e+03, 3.7408714261e+02, 9.6579010214e+05, 
1.1594202903e+00, 8.0577624850e+02, 2.5397629428e-08, 5.3000000016e+05, 
2.3949700745e+00, 1.1100981167e+03, 4.2411923825e+02, 1.0112692672e+06, 
1.1594202899e+00, 8.0577624830e+02, 8.4722129539e-14, 5.3000000000e+05, 
2.3312712755e+00, 1.1389162490e+03, 3.8819231234e+02, 1.0009464227e+06, 
1.1594166028e+00, 8.0577435147e+02, -1.0493516220e-03, 5.2999845911e+05, 
2.4858655026e+00, 1.1647535258e+03, 4.2886750798e+02, 1.0504597236e+06, 
1.1593460208e+00, 8.0573581606e+02, -2.0730459661e-02, 5.2996791630e+05, 
1.1594202899e+00, 8.0577624830e+02, 2.0743107747e-10, 5.3000000000e+05, 
2.3307617129e+00, 1.0998487843e+03, 3.9942010731e+02, 9.9123309830e+05, 
1.1567314132e+00, 8.0440787039e+02, -7.8656810424e-01, 5.2888444422e+05, 
2.3417324590e+00, 1.0911796238e+03, 3.9659973252e+02, 9.9033536646e+05, 
2.2283675929e+00, 1.0951674192e+03, 3.4517742191e+02, 9.5615813722e+05, 
1.1594249520e+00, 8.0577664972e+02, 1.4659743291e-03, 5.3000052280e+05, 
1.1594202899e+00, 8.0577624830e+02, 3.2670526539e-10, 5.3000000000e+05, 
1.1592878220e+00, 8.0570892025e+02, -3.9490356952e-02, 5.2994520717e+05, 
1.1594202899e+00, 8.0577624830e+02, 7.2574435935e-11, 5.3000000000e+05, 
1.1594202894e+00, 8.0577624808e+02, -1.1056483207e-07, 5.2999999982e+05, 
1.1657099524e+00, 8.0877022175e+02, 1.8578000686e+00, 5.3248444176e+05, 
1.1594202919e+00, 8.0577624941e+02, 6.3702603631e-07, 5.3000000090e+05, 
1.1594434192e+00, 8.0578818782e+02, 6.9747434454e-03, 5.3000969409e+05, 
1.1689880570e+00, 8.0935179836e+02, 2.6600250622e+00, 5.3328619891e+05, 
1.1594202899e+00, 8.0577624829e+02, 7.0549204153e-10, 5.3000000000e+05, 
2.1040232731e+00, 9.7124815647e+02, 3.3845017141e+02, 8.8841707585e+05, 
2.3921680857e+00, 1.1482508432e+03, 4.1879274041e+02, 1.0218472917e+06, 
2.1779255804e+00, 1.0882115449e+03, 3.3284971148e+02, 9.3808885275e+05, 
1.1594190084e+00, 8.0577559629e+02, -3.5339795026e-04, 5.2999946838e+05, 
1.1594202419e+00, 8.0577621814e+02, -2.2647862281e-05, 5.2999997617e+05, 
2.3567385247e+00, 1.1034322495e+03, 3.6138077909e+02, 9.9847926185e+05, 
1.1594202899e+00, 8.0577624829e+02, -7.8568351537e-10, 5.3000000000e+05, 
1.1594200849e+00, 8.0577613198e+02, -6.2036710660e-05, 5.2999990679e+05, 
1.1594195655e+00, 8.0577589321e+02, -1.9813575632e-04, 5.2999970948e+05, 
1.1594019538e+00, 8.0576616448e+02, -1.1337053794e-02, 5.2999102771e+05, 
1.1594202899e+00, 8.0577624830e+02, -1.4092178695e-10, 5.3000000000e+05, 
1.1594058115e+00, 8.0578525567e+02, -1.3763785047e-03, 5.3000998871e+05, 
2.3446008019e+00, 1.0590336588e+03, 3.7766083534e+02, 9.8267149020e+05, 
2.3707963337e+00, 1.1335803896e+03, 4.1423332259e+02, 1.0072609894e+06, 
1.1594391727e+00, 8.0578619516e+02, 5.6321269734e-03, 5.3000805295e+05, 
1.1594202898e+00, 8.0577624826e+02, -2.0103753977e-08, 5.2999999997e+05, 
1.1594202899e+00, 8.0577624830e+02, -3.5306585839e-12, 5.3000000000e+05, 
1.1594202884e+00, 8.0577624698e+02, -1.6434413496e-07, 5.2999999899e+05, 
1.1594202899e+00, 8.0577624830e+02, -5.6635450401e-14, 5.3000000000e+05, 
1.1593140224e+00, 8.0572155179e+02, -3.0251294294e-02, 5.2995558296e+05, 
1.1594208348e+00, 8.0577749636e+02, -3.5069430311e-04, 5.3000074689e+05, 
1.1594075980e+00, 8.0577661075e+02, 1.1631398996e-03, 5.2999900296e+05, 
1.1594202499e+00, 8.0577622765e+02, -1.1899437287e-05, 5.2999998324e+05, 
1.1596091874e+00, 8.0586747675e+02, 2.4974134295e-02, 5.3008476266e+05, 
1.1594202899e+00, 8.0577624829e+02, -1.1468092728e-09, 5.3000000000e+05, 
1.1594202892e+00, 8.0577624792e+02, -1.8798936001e-07, 5.2999999970e+05, 
1.1587485131e+00, 8.0543182974e+02, -1.8607991918e-01, 5.2972173251e+05, 
1.6976945901e+00, 9.6520312031e+02, 1.6423217520e+02, 7.5042171114e+05, 
1.1594202961e+00, 8.0577625116e+02, 7.1276007456e-07, 5.3000000237e+05, 
1.1594202159e+00, 8.0577621082e+02, -1.9951876521e-05, 5.2999996949e+05, 
1.1594202878e+00, 8.0577624739e+02, -3.9828762579e-07, 5.2999999925e+05, 
1.3202290345e+00, 8.5545499488e+02, 4.6524369492e+01, 5.9661173100e+05, 
1.1482098179e+00, 8.0223593596e+02, -1.7748784471e+00, 5.2836963595e+05, 
1.1875593105e+00, 8.1721287230e+02, 8.5403294940e+00, 5.4124601249e+05, 
1.1594202877e+00, 8.0577624750e+02, -7.8641286225e-10, 5.2999999932e+05, 
1.1620023489e+00, 8.0701725190e+02, 7.1830715364e-01, 5.3102749770e+05, 
1.1594202899e+00, 8.0577624830e+02, 6.2968123749e-14, 5.3000000000e+05, 
1.1594431523e+00, 8.0578875501e+02, 7.1348777173e-03, 5.3001006107e+05, 
1.1594202899e+00, 8.0577624830e+02, -3.9104037513e-14, 5.3000000000e+05, 
1.1594202900e+00, 8.0577624836e+02, 3.0457070273e-08, 5.3000000005e+05, 
1.1594202899e+00, 8.0577624830e+02, -1.3498229975e-13, 5.3000000000e+05, 
1.1594219438e+00, 8.0577708398e+02, 4.3868099247e-04, 5.3000068044e+05, 
1.1588205009e+00, 8.0496554312e+02, -4.6417657726e-01, 5.2938210196e+05, 
1.1641664501e+00, 8.0818972145e+02, 1.3784361860e+00, 5.3195998202e+05, 
1.1594203326e+00, 8.0577629490e+02, 3.1306772914e-05, 5.3000003421e+05, 
1.1594202899e+00, 8.0577624830e+02, 7.1145785737e-12, 5.3000000000e+05, 
1.1594202898e+00, 8.0577624825e+02, -2.4602298111e-08, 5.2999999996e+05, 
2.3272033881e+00, 1.0611873414e+03, 3.8693194624e+02, 9.8015665982e+05, 
2.3438007161e+00, 1.1298475922e+03, 4.2383953433e+02, 9.9245959647e+05, 
1.1578997380e+00, 8.0498607591e+02, -4.4121575865e-01, 5.2935874231e+05, 
1.1594202899e+00, 8.0577624830e+02, -7.4231194061e-10, 5.3000000000e+05, 
2.4281847587e+00, 1.0651222180e+03, 3.9905012398e+02, 1.0166792213e+06, 
1.1594202899e+00, 8.0577624830e+02, -1.1841959809e-10, 5.3000000000e+05, 
2.4081981314e+00, 1.1354256597e+03, 4.1902570523e+02, 1.0239185250e+06, 
1.1594202899e+00, 8.0577624830e+02, 4.2046662110e-09, 5.3000000001e+05, 
2.1264683129e+00, 1.0466986684e+03, 3.1638810094e+02, 9.1074833079e+05, 
1.1593943995e+00, 8.0577090304e+02, -2.9754692345e-03, 5.2999329185e+05, 
2.3404791011e+00, 1.0982265608e+03, 3.9144797252e+02, 9.9440864663e+05, 
1.1594238723e+00, 8.0577807230e+02, 9.9925779919e-04, 5.3000148277e+05, 
1.1593595884e+00, 8.0574722242e+02, -1.6335864292e-02, 5.2997697426e+05, 
2.4292936204e+00, 1.1202901145e+03, 3.8749793682e+02, 1.0265796298e+06, 
1.1642389382e+00, 8.0822061134e+02, 1.4099789600e+00, 5.3197288058e+05, 
1.1487386952e+00, 7.9731405308e+02, -4.2429601105e+00, 5.2382883056e+05, 
1.1594202745e+00, 8.0577623762e+02, -6.5634941674e-06, 5.2999999182e+05, 
1.1594202418e+00, 8.0577640468e+02, 3.8102458111e-05, 5.3000013133e+05, 
1.1594202899e+00, 8.0577624830e+02, 5.3035630482e-11, 5.3000000000e+05, 
1.1594202899e+00, 8.0577624830e+02, 3.6724861776e-10, 5.3000000000e+05, 
1.1594202899e+00, 8.0577624832e+02, 1.3182165160e-08, 5.3000000002e+05, 
1.1594079003e+00, 8.0576953740e+02, -3.2489821585e-03, 5.2999458770e+05, 
2.4946053453e+00, 1.1602780311e+03, 4.0296208255e+02, 1.0464819982e+06, 
2.4171115119e+00, 1.1394431529e+03, 4.0270880722e+02, 1.0274542331e+06, 
1.1594202899e+00, 8.0577624830e+02, 4.5284457614e-13, 5.3000000000e+05, 
1.1594202899e+00, 8.0577624830e+02, 1.5150523373e-12, 5.3000000000e+05, 
1.1594202373e+00, 8.0577622647e+02, -4.6593349110e-06, 5.2999998172e+05, 
1.1588849613e+00, 8.0547797793e+02, -1.5376008324e-01, 5.2976356432e+05, 
2.2237160287e+00, 9.8001266997e+02, 3.6555880613e+02, 9.3692397404e+05, 
1.1594203419e+00, 8.0577627524e+02, 1.5158401775e-05, 5.3000002186e+05, 
1.1594188222e+00, 8.0577692774e+02, 3.7475571367e-04, 5.3000079887e+05, 
1.1594303684e+00, 8.0583838630e+02, 1.0267516896e-02, 5.3006010558e+05, 
1.1594202730e+00, 8.0577624009e+02, -5.3354568663e-06, 5.2999999328e+05, 
1.1494928536e+00, 8.0052389278e+02, -2.9352303697e+00, 5.2585186498e+05, 
1.1592410271e+00, 8.0568500089e+02, -4.4450842843e-02, 5.2992571210e+05, 
1.1594202899e+00, 8.0577624830e+02, -7.3772187627e-12, 5.3000000000e+05, 
1.1594910496e+00, 8.0577574770e+02, 1.1655301954e-02, 5.2999767197e+05, 
1.1594203700e+00, 8.0577628895e+02, 2.3119009152e-05, 5.3000003310e+05, 
1.1587126680e+00, 8.0579743432e+02, -4.0147148148e-01, 5.2989001146e+05, 
1.1595409096e+00, 8.0584047352e+02, 3.4134224044e-02, 5.3005170080e+05, 
1.1594202899e+00, 8.0577624830e+02, -2.6550372946e-11, 5.3000000000e+05, 
2.3523176246e+00, 1.1170243813e+03, 4.1315073663e+02, 1.0018852876e+06, 
1.1594203060e+00, 8.0577625583e+02, 3.7854198211e-06, 5.3000000621e+05, 
1.1594202899e+00, 8.0577624830e+02, 1.6319952132e-09, 5.3000000000e+05, 
1.1566746567e+00, 8.0438903399e+02, -7.1355549930e-01, 5.2888975071e+05, 
1.1595886484e+00, 8.0586019077e+02, 4.7677524711e-02, 5.3006869276e+05, 
2.3313422947e+00, 1.1307886193e+03, 3.6960459192e+02, 1.0038344312e+06, 
1.1594191878e+00, 8.0577575099e+02, -9.3914991286e-05, 5.2999958178e+05, 
2.3231261183e+00, 1.0569763354e+03, 3.8426481136e+02, 9.7827630941e+05, 
1.1594202899e+00, 8.0577624830e+02, 6.1627017898e-13, 5.3000000000e+05, 
1.1594202899e+00, 8.0577624830e+02, 2.6657389517e-13, 5.3000000000e+05, 
1.1594202899e+00, 8.0577624830e+02, -1.6380410954e-12, 5.3000000000e+05, 
1.1593778036e+00, 8.0575461328e+02, -1.0287287867e-02, 5.2998256904e+05, 
1.1594202899e+00, 8.0577624830e+02, -1.6388327607e-09, 5.3000000000e+05, 
2.3332022151e+00, 1.1025020078e+03, 4.0353706515e+02, 9.9236012490e+05, 
1.1594202898e+00, 8.0577624826e+02, -1.5409652619e-08, 5.2999999997e+05, 
1.1594202865e+00, 8.0577624656e+02, -1.0056666996e-06, 5.2999999856e+05, 
1.1594202899e+00, 8.0577624830e+02, 1.1104694538e-10, 5.3000000000e+05, 
1.1594364729e+00, 8.0578460767e+02, 4.9314591249e-03, 5.3000678683e+05, 
1.1594202899e+00, 8.0577624830e+02, -8.7031569838e-14, 5.3000000000e+05, 
1.7159553997e+00, 9.8112131481e+02, 1.6397010547e+02, 7.5701992415e+05, 
2.4021433652e+00, 1.1275941507e+03, 4.1214347960e+02, 1.0190308147e+06, 
1.1594202899e+00, 8.0577624830e+02, -7.3883107946e-12, 5.3000000000e+05, 
1.1399883047e+00, 7.9613384204e+02, -5.5359571664e+00, 5.2207296812e+05, 
1.1594202896e+00, 8.0577624817e+02, -8.2723829698e-08, 5.2999999990e+05, 
1.1584343347e+00, 8.0527777595e+02, -2.8613336103e-01, 5.2959278827e+05, 
1.1594202909e+00, 8.0577624884e+02, 3.3751718466e-07, 5.3000000045e+05, 
1.1594202909e+00, 8.0577624881e+02, 2.9952693750e-07, 5.3000000042e+05, 
1.1596238405e+00, 8.0587473602e+02, 5.7847850762e-02, 5.3008082424e+05, 
2.0435162713e+00, 9.3705590597e+02, 2.0570832438e+02, 8.6833654975e+05, 
2.4424082701e+00, 1.1355384704e+03, 4.3641070332e+02, 1.0373953447e+06, 
1.1594202899e+00, 8.0577624830e+02, -2.4484863091e-10, 5.3000000000e+05, 
1.1594202899e+00, 8.0577624831e+02, 1.0878944908e-08, 5.3000000001e+05, 
2.3408780565e+00, 1.1079208494e+03, 4.0332675918e+02, 9.8902290223e+05, 
1.1593947571e+00, 8.0575972890e+02, -9.1094508616e-03, 5.2998698748e+05, 
1.1577265169e+00, 8.0545395685e+02, 3.7155162669e-01, 5.3101324246e+05, 
1.1594202901e+00, 8.0577624845e+02, 8.8234221061e-08, 5.3000000013e+05, 
1.1594203048e+00, 8.0577625589e+02, 4.2658615264e-06, 5.3000000618e+05, 
1.1594202651e+00, 8.0577625766e+02, 4.3283933917e-06, 5.3000000619e+05, 
2.3762568121e+00, 1.0293870999e+03, 3.9164482659e+02, 1.0023002219e+06, 
1.1594228091e+00, 8.0577753680e+02, 7.1350028098e-04, 5.3000104854e+05, 
1.1594202899e+00, 8.0577624830e+02, 1.3290611463e-11, 5.3000000000e+05, 
1.5791061229e+00, 9.6879105304e+02, 1.3624618425e+02, 7.0618485307e+05, 
2.3731684753e+00, 1.0993903128e+03, 4.1539339168e+02, 1.0069606241e+06, 
1.1594202899e+00, 8.0577624830e+02, -1.0625483807e-13, 5.3000000000e+05, 
1.1594202607e+00, 8.0577623264e+02, -1.7204066078e-05, 5.2999998639e+05, 
1.1594202898e+00, 8.0577624829e+02, -3.1089967827e-09, 5.3000000000e+05, 
2.3509836446e+00, 1.0827801996e+03, 3.8435192594e+02, 9.9456055385e+05, 
2.4714988925e+00, 1.1442591329e+03, 4.3156333565e+02, 1.0383185122e+06, 
2.0615027681e+00, 1.0471592759e+03, 3.2919880535e+02, 8.8889344717e+05, 
1.1594202899e+00, 8.0577624830e+02, 1.7731582135e-10, 5.3000000000e+05, 
1.1592355807e+00, 8.0568150785e+02, -5.0973401260e-02, 5.2992300414e+05, 
1.3483150569e+00, 8.7602167785e+02, 6.7050825205e+01, 6.1092784186e+05, 
1.4101793499e+00, 9.0975620662e+02, 8.0167961835e+01, 6.3604030003e+05, 
2.2076582762e+00, 1.1096105425e+03, 3.5242519853e+02, 9.4389834242e+05, 
1.1594202895e+00, 8.0577624814e+02, -8.3251288402e-08, 5.2999999987e+05, 
1.1620084454e+00, 8.0655370376e+02, 8.5610209360e-01, 5.3072961530e+05, 
1.1594202900e+00, 8.0577624838e+02, 4.0866539931e-08, 5.3000000007e+05, 
1.1594203390e+00, 8.0577627572e+02, 1.2410908016e-05, 5.3000002203e+05, 
1.1594202899e+00, 8.0577624830e+02, -4.1236763448e-13, 5.3000000000e+05, 
1.1594202898e+00, 8.0577624829e+02, -2.5224379619e-09, 5.3000000000e+05, 
1.1592270458e+00, 8.0567808546e+02, -5.7199223714e-02, 5.2992010522e+05, 
1.1594202899e+00, 8.0577624830e+02, 1.3653801860e-11, 5.3000000000e+05, 
1.1594622484e+00, 8.0579786511e+02, 1.2532937736e-02, 5.3001756760e+05, 
2.3526180659e+00, 1.0833379610e+03, 3.9644055513e+02, 9.9197276419e+05, 
1.1594215061e+00, 8.0585704695e+02, 3.6452584226e-02, 5.3005087513e+05, 
1.1594202899e+00, 8.0577624830e+02, -7.3349160404e-14, 5.3000000000e+05, 
1.1594202899e+00, 8.0577624830e+02, -8.2760051594e-15, 5.3000000000e+05, 
1.1594202899e+00, 8.0577624830e+02, 2.2436239327e-10, 5.3000000000e+05, 
1.1591993622e+00, 8.0566355150e+02, -5.9092054335e-02, 5.2990860931e+05, 
1.1103797277e+00, 7.8567033779e+02, -1.1151542400e+01, 5.1606441407e+05, 
1.1594202593e+00, 8.0577623283e+02, -8.5898154433e-06, 5.2999998741e+05, 
1.1594193351e+00, 8.0577565717e+02, -3.0418314972e-04, 5.2999951842e+05, 
1.1594202899e+00, 8.0577624830e+02, 7.9016161652e-11, 5.3000000000e+05, 
1.1594202899e+00, 8.0577624831e+02, 7.8428772411e-09, 5.3000000001e+05, 
1.1594202899e+00, 8.0577624830e+02, -3.4109418127e-11, 5.3000000000e+05, 
2.3760284402e+00, 1.0990015394e+03, 4.1372467546e+02, 1.0059979132e+06, 
1.9088502788e+00, 1.0166165129e+03, 2.3423311653e+02, 8.2873798929e+05, 
2.3200877705e+00, 1.1377921571e+03, 4.3347961426e+02, 9.9610153839e+05, 
1.1594202899e+00, 8.0577624830e+02, 9.8426598302e-12, 5.3000000000e+05, 
1.1616571471e+00, 8.0685884721e+02, 6.2682515844e-01, 5.3089504438e+05, 
1.1594216854e+00, 8.0577696238e+02, 4.1008149308e-04, 5.3000058076e+05, 
1.1594203090e+00, 8.0577625652e+02, 5.1505610484e-06, 5.3000000688e+05, 
1.1594197082e+00, 8.0577601223e+02, -4.4298405600e-05, 5.2999983190e+05, 
1.1594202899e+00, 8.0577624833e+02, 7.6335681503e-08, 5.3000000003e+05, 
1.2176247751e+00, 8.2827953728e+02, 1.9880702869e+01, 5.5211038619e+05, 
1.1594187665e+00, 8.0577548133e+02, -4.3780407312e-04, 5.2999937500e+05, 
1.1594202899e+00, 8.0577624833e+02, 2.2282007250e-08, 5.3000000003e+05, 
2.4539151181e+00, 1.1557371297e+03, 4.1170680219e+02, 1.0436176885e+06, 
1.1594202898e+00, 8.0577624826e+02, -2.0208423210e-08, 5.2999999997e+05, 
2.4825051640e+00, 1.0939436698e+03, 4.0009136096e+02, 1.0397790014e+06, 
1.1594910131e+00, 8.0581277654e+02, 2.0809158604e-02, 5.3002965805e+05, 
1.1594220554e+00, 8.0577137945e+02, 2.5317528818e-04, 5.2999685839e+05, 
1.1594202958e+00, 8.0577625098e+02, 1.8721070820e-06, 5.3000000223e+05, 
1.1594202869e+00, 8.0577624679e+02, -8.7076994353e-07, 5.2999999877e+05, 
1.1594202898e+00, 8.0577624826e+02, -3.9821645265e-09, 5.2999999997e+05, 
1.1493553051e+00, 8.0045601183e+02, -3.1037629724e+00, 5.2576623361e+05, 
1.1592721185e+00, 8.0570192942e+02, -3.5199376517e-02, 5.2993870424e+05, 
2.2867246147e+00, 1.0364133542e+03, 3.7623155259e+02, 9.6061387323e+05, 
2.3285582080e+00, 1.0615717621e+03, 3.8395377207e+02, 9.8039856215e+05, 
1.1588737558e+00, 8.0549221597e+02, -1.5095052765e-01, 5.2977293345e+05, 
2.3365978289e+00, 1.1090806437e+03, 3.8866154774e+02, 9.9313106194e+05, 
1.1594202908e+00, 8.0577624874e+02, 2.2536137163e-07, 5.3000000036e+05, 
2.3024967510e+00, 1.0548652109e+03, 3.8135949091e+02, 9.7038096945e+05, 
1.1594304592e+00, 8.0578087078e+02, 3.1271028452e-03, 5.3000383608e+05, 
1.1594255090e+00, 8.0577898362e+02, -8.3027744129e-04, 5.3000221610e+05, 
1.1593779601e+00, 8.0575523098e+02, -1.2212240662e-02, 5.2998283759e+05, 
1.8440401527e+00, 1.0186332856e+03, 2.2855413480e+02, 8.0424904745e+05, 
1.1594202899e+00, 8.0577624830e+02, 2.0471382619e-10, 5.3000000000e+05, 
1.1594202899e+00, 8.0577624830e+02, 7.7257227472e-12, 5.3000000000e+05, 
1.1594202906e+00, 8.0577624866e+02, 2.1045261084e-07, 5.3000000029e+05, 
2.0855670040e+00, 1.0721998635e+03, 3.0278369726e+02, 9.0322895725e+05, 
1.1594202805e+00, 8.0577624346e+02, -2.7017731907e-06, 5.2999999608e+05, 
1.7495416493e+00, 9.7001886383e+02, 1.8639977477e+02, 7.7125503247e+05, 
1.1594202899e+00, 8.0577624830e+02, 2.5347185037e-09, 5.3000000000e+05, 
1.2513673353e+00, 8.5068503478e+02, 2.9494907493e+01, 5.6829557608e+05, 
1.1594202898e+00, 8.0577624828e+02, -6.8727002572e-09, 5.2999999999e+05, 
