0, +4.5981e-06, +9.4811e-02, +1.4196e-03, +1.4122e+00, +2.0512e-05, 0.000000e+00, 1.275923e-02, -4.052043e-04, 4.743594e-07,
100, +1.4535e-05, +1.9597e-02, +5.4073e-03, +4.3506e+00, +1.6164e-07, 0.000000e+00, 5.453665e-03, -3.681695e-04, 7.467461e-07,
200, +4.1733e-06, +1.0751e-02, +6.8368e-03, +1.2905e+00, +1.0247e-07, 0.000000e+00, 3.633578e-03, -4.028530e-04, 8.669249e-07,
300, +2.9677e-06, +7.2358e-03, +3.6500e-03, +9.3272e-01, +7.9894e-08, 0.000000e+00, 2.912310e-03, -7.038344e-06, 9.444032e-07,
400, +3.1882e-06, +5.4806e-03, +2.5458e-03, +9.3321e-01, +6.6951e-08, 0.000000e+00, 2.514323e-03, -3.493123e-05, 9.830425e-07,
500, +1.9255e-06, +4.6562e-03, +1.4929e-03, +5.9877e-01, +5.8556e-08, 0.000000e+00, 2.252985e-03, -1.150431e-05, 1.014003e-06,
600, +2.4112e-06, +3.9376e-03, +1.5063e-03, +7.5091e-01, +5.2819e-08, 0.000000e+00, 2.064243e-03, -3.819559e-04, 1.034455e-06,
700, +1.8703e-06, +3.3680e-03, +2.1605e-03, +5.8379e-01, +4.8021e-08, 0.000000e+00, 1.919918e-03, -3.306748e-04, 1.058753e-06,
800, +1.9323e-06, +3.0391e-03, +2.0623e-03, +5.9884e-01, +4.4688e-08, 0.000000e+00, 1.805017e-03, -3.096985e-04, 1.074121e-06,
900, +1.6262e-06, +2.7959e-03, +1.6647e-03, +5.0649e-01, +4.1713e-08, 0.000000e+00, 1.710714e-03, 4.302065e-05, 1.087185e-06,
1000, +1.8162e-06, +2.5610e-03, +1.1282e-03, +5.6452e-01, +3.9172e-08, 0.000000e+00, 1.631678e-03, -5.646503e-06, 1.094218e-06,
1100, +1.7962e-06, +2.3540e-03, +1.1782e-03, +5.5655e-01, +3.7266e-08, 0.000000e+00, 1.564267e-03, -5.694193e-05, 1.102162e-06,
1200, +1.4089e-06, +2.1661e-03, +1.1810e-03, +4.3741e-01, +3.5452e-08, 0.000000e+00, 1.505928e-03, -3.645259e-04, 1.110860e-06,
1300, +1.6168e-06, +2.0285e-03, +1.6794e-03, +5.0034e-01, +3.3739e-08, 0.000000e+00, 1.454783e-03, -3.105344e-04, 1.120589e-06,
1400, +1.5793e-06, +1.9408e-03, +1.4272e-03, +4.8878e-01, +3.2474e-08, 0.000000e+00, 1.409540e-03, -2.193686e-04, 1.128686e-06,
1500, +1.3785e-06, +1.8456e-03, +1.1965e-03, +4.2712e-01, +3.1311e-08, 0.000000e+00, 1.369192e-03, 4.808996e-05, 1.131314e-06,
1600, +1.4255e-06, +1.7538e-03, +1.0114e-03, +4.3941e-01, +3.0190e-08, 0.000000e+00, 1.332971e-03, -2.238846e-06, 1.134311e-06,
1700, +1.3454e-06, +1.6658e-03, +9.8855e-04, +4.1578e-01, +2.9111e-08, 0.000000e+00, 1.300225e-03, -1.210617e-04, 1.136181e-06,
1800, +1.2469e-06, +1.5834e-03, +1.0299e-03, +3.8582e-01, +2.8147e-08, 0.000000e+00, 1.270448e-03, -3.466279e-04, 1.142893e-06,
1900, +1.3069e-06, +1.5130e-03, +1.3224e-03, +4.0182e-01, +2.7413e-08, 0.000000e+00, 1.243221e-03, -2.940975e-04, 1.147717e-06,
2000, +1.1647e-06, +1.4785e-03, +1.0793e-03, +3.5937e-01, +2.6695e-08, 0.000000e+00, 1.218237e-03, -1.489208e-04, 1.153454e-06,
2100, +1.1132e-06, +1.4363e-03, +8.7525e-04, +3.4348e-01, +2.5989e-08, 0.000000e+00, 1.195230e-03, 4.368120e-05, 1.153346e-06,
2200, +1.1410e-06, +1.3917e-03, +8.0458e-04, +3.5059e-01, +2.5305e-08, 0.000000e+00, 1.173982e-03, -8.299029e-06, 1.154992e-06,
2300, +1.0937e-06, +1.3452e-03, +8.3910e-04, +3.3635e-01, +2.4639e-08, 0.000000e+00, 1.154291e-03, -1.692462e-04, 1.155326e-06,
2400, +9.8042e-07, +1.3036e-03, +9.5369e-04, +3.0248e-01, +2.4016e-08, 0.000000e+00, 1.135981e-03, -3.297485e-04, 1.160691e-06,
2500, +1.1710e-06, +1.2534e-03, +1.0747e-03, +3.5883e-01, +2.3556e-08, 0.000000e+00, 1.118896e-03, -2.724811e-04, 1.164060e-06,
2600, +9.2027e-07, +1.2214e-03, +8.7483e-04, +2.8238e-01, +2.3102e-08, 0.000000e+00, 1.102919e-03, -9.904756e-05, 1.167929e-06,
2700, +9.7507e-07, +1.1979e-03, +6.9214e-04, +2.9925e-01, +2.2651e-08, 0.000000e+00, 1.087952e-03, 3.581691e-05, 1.166894e-06,
2800, +1.1441e-06, +1.1811e-03, +7.4609e-04, +3.5039e-01, +2.2213e-08, 0.000000e+00, 1.073914e-03, -2.577018e-05, 1.167443e-06,
2900, +1.0121e-06, +1.1604e-03, +7.3582e-04, +3.0956e-01, +2.1776e-08, 0.000000e+00, 1.060727e-03, -2.049428e-04, 1.167700e-06,
3000, +8.2798e-07, +1.1361e-03, +8.6614e-04, +2.5424e-01, +2.1362e-08, 0.000000e+00, 1.048316e-03, -3.143523e-04, 1.172098e-06,
3100, +1.0715e-06, +1.1122e-03, +8.8435e-04, +3.2799e-01, +2.0970e-08, 0.000000e+00, 1.036611e-03, -2.427697e-04, 1.175056e-06,
3200, +1.0048e-06, +1.0882e-03, +7.1259e-04, +3.0666e-01, +2.0608e-08, 0.000000e+00, 1.025556e-03, -6.642064e-05, 1.177594e-06,
3300, +7.0510e-07, +1.0608e-03, +8.0386e-04, +2.1715e-01, +2.0240e-08, 0.000000e+00, 1.015103e-03, 2.609636e-05, 1.176327e-06,
3400, +9.7410e-07, +1.0551e-03, +5.3803e-04, +2.9711e-01, +1.9969e-08, 0.000000e+00, 1.005204e-03, -4.532103e-05, 1.176111e-06,
3500, +9.2295e-07, +1.0361e-03, +6.5489e-04, +2.8150e-01, +1.9657e-08, 0.000000e+00, 9.958216e-04, -2.296725e-04, 1.176826e-06,
3600, +7.0813e-07, +1.0217e-03, +8.0608e-04, +2.1672e-01, +1.9371e-08, 0.000000e+00, 9.869159e-04, -3.072026e-04, 1.180594e-06,
3700, +9.7367e-07, +1.0128e-03, +7.7296e-04, +2.9628e-01, +1.9131e-08, 0.000000e+00, 9.784521e-04, -2.094083e-04, 1.183401e-06,
3800, +7.3877e-07, +1.0251e-03, +5.9806e-04, +2.2583e-01, +1.8847e-08, 0.000000e+00, 9.704037e-04, -3.140061e-05, 1.184555e-06,
3900, +9.0455e-07, +9.9087e-04, +7.2094e-04, +2.7345e-01, +1.8549e-08, 0.000000e+00, 9.627534e-04, 1.155049e-05, 1.182981e-06,
4000, +9.2682e-07, +9.7623e-04, +5.4886e-04, +2.8168e-01, +1.8284e-08, 0.000000e+00, 9.554780e-04, -8.869378e-05, 1.182507e-06,
4100, +8.2246e-07, +9.4759e-04, +6.3760e-04, +2.4796e-01, +1.8070e-08, 0.000000e+00, 9.485494e-04, -2.387790e-04, 1.183885e-06,
4200, +5.5020e-07, +9.5993e-04, +7.3771e-04, +1.6590e-01, +1.7793e-08, 0.000000e+00, 9.419385e-04, -2.723683e-04, 1.186957e-06,
4300, +9.8957e-07, +9.3822e-04, +6.2575e-04, +2.9919e-01, +1.7592e-08, 0.000000e+00, 9.356275e-04, -1.838616e-04, 1.189078e-06,
4400, +6.9222e-07, +9.2638e-04, +6.5811e-04, +2.0962e-01, +1.7325e-08, 0.000000e+00, 9.296009e-04, -3.912126e-05, 1.189524e-06,
4500, +7.4125e-07, +9.2569e-04, +6.2651e-04, +2.2351e-01, +1.7165e-08, 0.000000e+00, 9.238439e-04, 1.741181e-06, 1.188339e-06,
4600, +9.7735e-07, +9.3024e-04, +4.6115e-04, +2.9442e-01, +1.6995e-08, 0.000000e+00, 9.183403e-04, -9.189203e-05, 1.187621e-06,
4700, +4.1144e-07, +9.2076e-04, +6.4134e-04, +1.2246e-01, +1.6798e-08, 0.000000e+00, 9.130780e-04, -2.445276e-04, 1.188827e-06,
4800, +8.2116e-07, +9.0425e-04, +6.2112e-04, +2.4638e-01, +1.6606e-08, 0.000000e+00, 9.080435e-04, -2.786690e-04, 1.191627e-06,
4900, +9.3721e-07, +9.0205e-04, +5.8660e-04, +2.8161e-01, +1.6442e-08, 0.000000e+00, 9.032236e-04, -1.650514e-04, 1.193750e-06,
5000, +6.1931e-07, +8.8685e-04, +6.8826e-04, +1.8728e-01, +1.6283e-08, 0.000000e+00, 8.986058e-04, -1.088064e-05, 1.193611e-06,
5100, +9.2024e-07, +8.8335e-04, +4.1511e-04, +2.7618e-01, +1.6105e-08, 0.000000e+00, 8.941855e-04, 3.129232e-06, 1.192069e-06,
5200, +6.8272e-07, +8.6728e-04, +5.0683e-04, +2.0324e-01, +1.5918e-08, 0.000000e+00, 8.899571e-04, -1.277279e-04, 1.191363e-06,
5300, +4.9416e-07, +8.5380e-04, +5.7144e-04, +1.4728e-01, +1.5741e-08, 0.000000e+00, 8.859086e-04, -2.698482e-04, 1.193032e-06,
5400, +8.0874e-07, +8.5838e-04, +6.3559e-04, +2.4217e-01, +1.5623e-08, 0.000000e+00, 8.820225e-04, -2.592400e-04, 1.195729e-06,
5500, +6.6226e-07, +8.6286e-04, +5.4779e-04, +2.0010e-01, +1.5450e-08, 0.000000e+00, 8.782875e-04, -1.192338e-04, 1.197242e-06,
5600, +5.1225e-07, +8.7484e-04, +4.7520e-04, +1.5296e-01, +1.5268e-08, 0.000000e+00, 8.747010e-04, 3.202432e-06, 1.196409e-06,
5700, +6.4433e-07, +8.5714e-04, +3.4979e-04, +1.9208e-01, +1.5087e-08, 0.000000e+00, 8.712635e-04, -2.739938e-05, 1.194854e-06,
5800, +5.5360e-07, +8.4729e-04, +3.9511e-04, +1.6680e-01, +1.4943e-08, 0.000000e+00, 8.679675e-04, -1.663565e-04, 1.194629e-06,
5900, +4.3919e-07, +8.4137e-04, +5.3791e-04, +1.3115e-01, +1.4838e-08, 0.000000e+00, 8.647992e-04, -2.668310e-04, 1.196587e-06,
6000, +6.8355e-07, +8.3440e-04, +5.9983e-04, +2.0576e-01, +1.4738e-08, 0.000000e+00, 8.617482e-04, -2.221573e-04, 1.198821e-06,
6100, +5.7968e-07, +8.4023e-04, +4.1588e-04, +1.7240e-01, +1.4621e-08, 0.000000e+00, 8.588130e-04, -8.956042e-05, 1.199646e-06,
6200, +4.6497e-07, +8.2269e-04, +4.2002e-04, +1.3849e-01, +1.4493e-08, 0.000000e+00, 8.559954e-04, -7.891051e-06, 1.198518e-06,
6300, +6.4977e-07, +8.1293e-04, +4.0676e-04, +1.9526e-01, +1.4368e-08, 0.000000e+00, 8.532928e-04, -5.976109e-05, 1.197274e-06,
6400, +5.9810e-07, +8.0382e-04, +4.5669e-04, +1.7841e-01, +1.4260e-08, 0.000000e+00, 8.506957e-04, -1.836007e-04, 1.197470e-06,
6500, +4.9450e-07, +8.0962e-04, +5.1359e-04, +1.4821e-01, +1.4161e-08, 0.000000e+00, 8.481935e-04, -2.498323e-04, 1.199345e-06,
6600, +5.5754e-07, +8.2813e-04, +4.9232e-04, +1.6716e-01, +1.4051e-08, 0.000000e+00, 8.457821e-04, -1.938301e-04, 1.201073e-06,
6700, +6.0828e-07, +8.2763e-04, +4.3248e-04, +1.8172e-01, +1.3932e-08, 0.000000e+00, 8.434610e-04, -7.819633e-05, 1.201497e-06,
6800, +5.1233e-07, +8.0950e-04, +4.1210e-04, +1.5357e-01, +1.3854e-08, 0.000000e+00, 8.412293e-04, -2.342564e-05, 1.200307e-06,
6900, +4.8287e-07, +8.0491e-04, +3.9659e-04, +1.4411e-01, +1.3862e-08, 0.000000e+00, 8.390825e-04, -8.062188e-05, 1.199350e-06,
7000, +5.8949e-07, +8.0158e-04, +4.6405e-04, +1.7620e-01, +1.3890e-08, 0.000000e+00, 8.370125e-04, -1.887683e-04, 1.199733e-06,
7100, +4.7411e-07, +8.0182e-04, +4.8957e-04, +1.4199e-01, +1.3913e-08, 0.000000e+00, 8.350130e-04, -2.348633e-04, 1.201399e-06,
7200, +4.4697e-07, +8.0249e-04, +3.7068e-04, +1.3329e-01, +1.3946e-08, 0.000000e+00, 8.330842e-04, -1.762685e-04, 1.202855e-06,
7300, +5.4963e-07, +7.9079e-04, +3.4518e-04, +1.6431e-01, +1.3987e-08, 0.000000e+00, 8.312259e-04, -7.337955e-05, 1.202970e-06,
7400, +4.3400e-07, +7.8191e-04, +3.8288e-04, +1.2964e-01, +1.4113e-08, 0.000000e+00, 8.294336e-04, -3.378941e-05, 1.201918e-06,
7500, +4.3098e-07, +7.7618e-04, +3.4080e-04, +1.2852e-01, +1.5768e-08, 0.000000e+00, 8.277044e-04, -9.456834e-05, 1.201031e-06,
7600, +5.1480e-07, +7.7828e-04, +3.1958e-04, +1.5400e-01, +1.6501e-08, 0.000000e+00, 8.260373e-04, -1.921083e-04, 1.201507e-06,
7700, +3.8760e-07, +7.9013e-04, +4.0387e-04, +1.1553e-01, +1.6550e-08, 0.000000e+00, 8.244268e-04, -2.248054e-04, 1.203026e-06,
7800, +4.5015e-07, +7.9003e-04, +4.0731e-04, +1.3452e-01, +1.6463e-08, 0.000000e+00, 8.228688e-04, -1.625207e-04, 1.204274e-06,
7900, +4.6705e-07, +7.8176e-04, +3.1125e-04, +1.3970e-01, +1.6398e-08, 0.000000e+00, 8.213646e-04, -6.925349e-05, 1.204177e-06,
8000, +3.5977e-07, +7.7500e-04, +3.4247e-04, +1.0710e-01, +1.6352e-08, 0.000000e+00, 8.199145e-04, -4.094014e-05, 1.203138e-06,
8100, +4.6482e-07, +7.7224e-04, +2.8906e-04, +1.3906e-01, +1.6364e-08, 0.000000e+00, 8.185121e-04, -1.050869e-04, 1.202425e-06,
8200, +4.0588e-07, +7.7629e-04, +4.1699e-04, +1.2133e-01, +1.6379e-08, 0.000000e+00, 8.171525e-04, -1.962931e-04, 1.202960e-06,
8300, +3.5794e-07, +7.7600e-04, +3.6340e-04, +1.0665e-01, +1.6423e-08, 0.000000e+00, 8.158380e-04, -2.188010e-04, 1.204447e-06,
8400, +4.6768e-07, +7.6831e-04, +2.4595e-04, +1.4001e-01, +1.6476e-08, 0.000000e+00, 8.145683e-04, -1.495154e-04, 1.205493e-06,
8500, +3.8324e-07, +7.6303e-04, +3.2276e-04, +1.1479e-01, +1.6515e-08, 0.000000e+00, 8.133366e-04, -6.149941e-05, 1.205264e-06,
8600, +3.5607e-07, +7.5803e-04, +3.5575e-04, +1.0620e-01, +1.6567e-08, 0.000000e+00, 8.121388e-04, -4.703036e-05, 1.204183e-06,
8700, +4.7810e-07, +7.5146e-04, +2.9610e-04, +1.4329e-01, +1.6617e-08, 0.000000e+00, 8.109798e-04, -1.201438e-04, 1.203587e-06,
8800, +3.7580e-07, +7.4876e-04, +3.2716e-04, +1.1263e-01, +1.6869e-08, 0.000000e+00, 8.098619e-04, -2.017711e-04, 1.204257e-06,
8900, +3.4838e-07, +7.5183e-04, +3.6035e-04, +1.0397e-01, +1.8269e-08, 0.000000e+00, 8.087773e-04, -2.079880e-04, 1.205619e-06,
9000, +4.8770e-07, +7.5133e-04, +3.5549e-04, +1.4633e-01, +1.8738e-08, 0.000000e+00, 8.077187e-04, -1.343392e-04, 1.206484e-06,
9100, +3.5149e-07, +7.5046e-04, +3.5070e-04, +1.0519e-01, +1.8817e-08, 0.000000e+00, 8.066891e-04, -5.862825e-05, 1.206091e-06,
9200, +3.4912e-07, +7.5064e-04, +3.5211e-04, +1.0427e-01, +1.8829e-08, 0.000000e+00, 8.056945e-04, -5.754448e-05, 1.204984e-06,
9300, +4.8278e-07, +7.5083e-04, +1.9150e-04, +1.4491e-01, +1.8847e-08, 0.000000e+00, 8.047326e-04, -1.311480e-04, 1.204580e-06,
9400, +3.2331e-07, +7.5022e-04, +3.4528e-04, +9.6667e-02, +1.8862e-08, 0.000000e+00, 8.037955e-04, -2.026569e-04, 1.205273e-06,
9500, +3.6293e-07, +7.4850e-04, +3.8301e-04, +1.0861e-01, +1.8912e-08, 0.000000e+00, 8.028804e-04, -1.991707e-04, 1.206649e-06,
9600, +4.6768e-07, +7.4545e-04, +3.7742e-04, +1.4041e-01, +1.8936e-08, 0.000000e+00, 8.019911e-04, -1.233516e-04, 1.207317e-06,
9700, +2.9233e-07, +7.4127e-04, +3.4989e-04, +8.7180e-02, +1.9011e-08, 0.000000e+00, 8.011287e-04, -5.476849e-05, 1.206743e-06,
9800, +3.7139e-07, +7.3647e-04, +3.1034e-04, +1.1129e-01, +1.9079e-08, 0.000000e+00, 8.002891e-04, -6.470376e-05, 1.205746e-06,
9900, +4.3744e-07, +7.3193e-04, +1.8602e-04, +1.3120e-01, +1.9139e-08, 0.000000e+00, 7.994692e-04, -1.432302e-04, 1.205352e-06,
10000, +2.8247e-07, +7.2932e-04, +3.4611e-04, +8.4391e-02, +1.9219e-08, 0.000000e+00, 7.986705e-04, -2.069552e-04, 1.206285e-06,
10100, +3.8114e-07, +7.2604e-04, +3.7114e-04, +1.1438e-01, +1.9281e-08, 0.000000e+00, 7.978947e-04, -1.884458e-04, 1.207600e-06,
10200, +4.1410e-07, +7.2087e-04, +2.3283e-04, +1.2416e-01, +1.9343e-08, 0.000000e+00, 7.971381e-04, -1.078493e-04, 1.208004e-06,
10300, +2.5437e-07, +7.1588e-04, +3.3078e-04, +7.5702e-02, +1.9627e-08, 0.000000e+00, 7.963960e-04, -5.141211e-05, 1.207311e-06,
10400, +3.6566e-07, +7.1686e-04, +2.7697e-04, +1.0973e-01, +2.0114e-08, 0.000000e+00, 7.956696e-04, -7.826964e-05, 1.206268e-06,
10500, +3.9783e-07, +7.1771e-04, +2.3599e-04, +1.1934e-01, +2.0625e-08, 0.000000e+00, 7.949641e-04, -1.581821e-04, 1.206220e-06,
10600, +2.5963e-07, +7.1837e-04, +3.2251e-04, +7.7745e-02, +2.0870e-08, 0.000000e+00, 7.942798e-04, -2.055491e-04, 1.207269e-06,
10700, +3.5865e-07, +7.1976e-04, +2.6831e-04, +1.0766e-01, +2.0984e-08, 0.000000e+00, 7.936101e-04, -1.714973e-04, 1.208371e-06,
10800, +3.6410e-07, +7.2092e-04, +2.1178e-04, +1.0907e-01, +2.1150e-08, 0.000000e+00, 7.929494e-04, -9.484135e-05, 1.208541e-06,
10900, +2.5311e-07, +7.1996e-04, +3.0145e-04, +7.5608e-02, +2.1243e-08, 0.000000e+00, 7.923001e-04, -5.644494e-05, 1.207687e-06,
11000, +3.4342e-07, +7.1701e-04, +2.5126e-04, +1.0315e-01, +2.1297e-08, 0.000000e+00, 7.916696e-04, -9.464888e-05, 1.206890e-06,
11100, +3.6686e-07, +7.1313e-04, +2.0518e-04, +1.1020e-01, +2.1389e-08, 0.000000e+00, 7.910588e-04, -1.666352e-04, 1.207061e-06,
11200, +2.3415e-07, +7.1005e-04, +2.8649e-04, +7.0624e-02, +2.1494e-08, 0.000000e+00, 7.904610e-04, -1.973354e-04, 1.208059e-06,
11300, +3.1327e-07, +7.0920e-04, +2.7672e-04, +9.3895e-02, +2.1588e-08, 0.000000e+00, 7.898692e-04, -1.565949e-04, 1.208999e-06,
11400, +3.6704e-07, +7.0918e-04, +2.7366e-04, +1.1000e-01, +2.1695e-08, 0.000000e+00, 7.892848e-04, -8.910084e-05, 1.208941e-06,
11500, +1.9627e-07, +7.0605e-04, +2.8102e-04, +5.6600e-02, +2.1781e-08, 0.000000e+00, 7.887148e-04, -6.423096e-05, 1.208140e-06,
11600, +3.0815e-07, +6.9821e-04, +1.9956e-04, +9.2484e-02, +2.1883e-08, 0.000000e+00, 7.881623e-04, -1.064491e-04, 1.207530e-06,
11700, +3.3566e-07, +6.9106e-04, +1.8725e-04, +1.0101e-01, +2.1987e-08, 0.000000e+00, 7.876221e-04, -1.695664e-04, 1.207779e-06,
11800, +1.9424e-07, +6.9147e-04, +2.9204e-04, +5.9708e-02, +2.2072e-08, 0.000000e+00, 7.870877e-04, -1.892144e-04, 1.208706e-06,
11900, +3.2047e-07, +6.8827e-04, +3.3733e-04, +9.6285e-02, +2.2245e-08, 0.000000e+00, 7.865582e-04, -1.460363e-04, 1.209494e-06,
12000, +2.9223e-07, +6.8546e-04, +2.8134e-04, +8.6170e-02, +2.2586e-08, 0.000000e+00, 7.860386e-04, -8.628933e-05, 1.209365e-06,
12100, +2.3947e-07, +6.8507e-04, +2.5091e-04, +5.5516e-02, +2.2972e-08, 0.000000e+00, 7.855328e-04, -7.056949e-05, 1.208584e-06,
12200, +3.1294e-07, +6.8263e-04, +1.5361e-04, +9.4269e-02, +2.3307e-08, 0.000000e+00, 7.850387e-04, -1.148822e-04, 1.208083e-06,
12300, +2.8509e-07, +6.8235e-04, +2.0277e-04, +8.6425e-02, +2.3566e-08, 0.000000e+00, 7.845514e-04, -1.717701e-04, 1.208406e-06,
12400, +1.6506e-07, +6.8456e-04, +3.1637e-04, +5.6292e-02, +2.3800e-08, 0.000000e+00, 7.840688e-04, -1.833413e-04, 1.209310e-06,
12500, +2.9284e-07, +6.8828e-04, +3.6158e-04, +8.8014e-02, +2.3963e-08, 0.000000e+00, 7.835930e-04, -1.372449e-04, 1.209968e-06,
12600, +3.0796e-07, +6.9016e-04, +1.9918e-04, +7.9782e-02, +2.4073e-08, 0.000000e+00, 7.831270e-04, -8.255294e-05, 1.209754e-06,
12700, +1.8360e-07, +6.8629e-04, +2.0366e-04, +5.2078e-02, +2.4173e-08, 0.000000e+00, 7.826708e-04, -7.591112e-05, 1.208976e-06,
12800, +2.6917e-07, +6.7886e-04, +1.3472e-04, +8.0931e-02, +2.4227e-08, 0.000000e+00, 7.822221e-04, -1.236335e-04, 1.208569e-06,
12900, +2.6254e-07, +6.7609e-04, +1.9962e-04, +8.1863e-02, +2.4244e-08, 0.000000e+00, 7.817789e-04, -1.750623e-04, 1.208978e-06,
13000, +1.7311e-07, +6.7962e-04, +3.6027e-04, +5.2089e-02, +2.4259e-08, 0.000000e+00, 7.813414e-04, -1.766717e-04, 1.209904e-06,
13100, +2.7181e-07, +6.8240e-04, +2.9463e-04, +8.0501e-02, +2.4235e-08, 0.000000e+00, 7.809108e-04, -1.273402e-04, 1.210409e-06,
13200, +2.7122e-07, +6.7871e-04, +1.7495e-04, +7.0048e-02, +2.4219e-08, 0.000000e+00, 7.804872e-04, -7.957331e-05, 1.210063e-06,
13300, +1.6306e-07, +6.6949e-04, +1.8996e-04, +4.9101e-02, +2.4380e-08, 0.000000e+00, 7.800702e-04, -8.330012e-05, 1.209309e-06,
13400, +2.7628e-07, +6.6370e-04, +1.1327e-04, +8.4092e-02, +2.4509e-08, 0.000000e+00, 7.796592e-04, -1.327724e-04, 1.209049e-06,
13500, +1.9328e-07, +6.6458e-04, +2.6256e-04, +6.2583e-02, +2.4634e-08, 0.000000e+00, 7.792542e-04, -1.759799e-04, 1.209526e-06,
13600, +1.6363e-07, +6.6520e-04, +3.4473e-04, +4.9372e-02, +2.4779e-08, 0.000000e+00, 7.788549e-04, -1.677846e-04, 1.210459e-06,
13700, +2.8070e-07, +6.6181e-04, +2.0374e-04, +8.0723e-02, +2.4930e-08, 0.000000e+00, 7.784605e-04, -1.182794e-04, 1.210784e-06,
13800, +2.1107e-07, +6.5626e-04, +1.8616e-04, +4.4340e-02, +2.5206e-08, 0.000000e+00, 7.780705e-04, -7.914397e-05, 1.210347e-06,
13900, +1.7225e-07, +6.4979e-04, +1.4557e-04, +5.3104e-02, +2.5534e-08, 0.000000e+00, 7.776857e-04, -9.163673e-05, 1.209643e-06,
14000, +2.5576e-07, +6.4593e-04, +1.3679e-04, +7.8131e-02, +2.5877e-08, 0.000000e+00, 7.773074e-04, -1.404974e-04, 1.209511e-06,
14100, +1.5443e-07, +6.4813e-04, +2.8929e-04, +4.7209e-02, +2.6182e-08, 0.000000e+00, 7.769352e-04, -1.750313e-04, 1.210132e-06,
14200, +1.8153e-07, +6.5053e-04, +2.9641e-04, +5.3621e-02, +2.6428e-08, 0.000000e+00, 7.765673e-04, -1.583594e-04, 1.210936e-06,
14300, +2.4961e-07, +6.5320e-04, +2.0698e-04, +6.7239e-02, +2.6661e-08, 0.000000e+00, 7.762020e-04, -1.102220e-04, 1.211112e-06,
14400, +1.4832e-07, +6.5414e-04, +1.6397e-04, +4.1348e-02, +2.6849e-08, 0.000000e+00, 7.758399e-04, -8.080843e-05, 1.210609e-06,
14500, +1.9559e-07, +6.5094e-04, +1.4232e-04, +6.0161e-02, +2.6987e-08, 0.000000e+00, 7.754836e-04, -1.010864e-04, 1.210012e-06,
14600, +2.0918e-07, +6.4642e-04, +1.7048e-04, +6.4355e-02, +2.7120e-08, 0.000000e+00, 7.751342e-04, -1.473030e-04, 1.210010e-06,
14700, +1.5874e-07, +6.4632e-04, +2.7862e-04, +4.8951e-02, +2.7219e-08, 0.000000e+00, 7.747899e-04, -1.713134e-04, 1.210713e-06,
14800, +2.0023e-07, +6.5033e-04, +2.3608e-04, +5.9428e-02, +2.7275e-08, 0.000000e+00, 7.744477e-04, -1.480799e-04, 1.211334e-06,
14900, +1.9701e-07, +6.5259e-04, +1.9814e-04, +5.4111e-02, +2.7337e-08, 0.000000e+00, 7.741069e-04, -1.044620e-04, 1.211388e-06,
15000, +1.5997e-07, +6.4823e-04, +1.6644e-04, +4.7295e-02, +2.7370e-08, 0.000000e+00, 7.737698e-04, -8.578973e-05, 1.210836e-06,
15100, +2.1013e-07, +6.4086e-04, +1.1387e-04, +6.3532e-02, +2.7368e-08, 0.000000e+00, 7.734392e-04, -1.103546e-04, 1.210398e-06,
15200, +1.7075e-07, +6.3764e-04, +1.7874e-04, +5.1635e-02, +2.7376e-08, 0.000000e+00, 7.731150e-04, -1.506331e-04, 1.210525e-06,
15300, +1.4941e-07, +6.4019e-04, +2.5213e-04, +4.5502e-02, +2.7358e-08, 0.000000e+00, 7.727938e-04, -1.647535e-04, 1.211206e-06,
15400, +2.2107e-07, +6.4297e-04, +2.0818e-04, +6.6601e-02, +2.7307e-08, 0.000000e+00, 7.724734e-04, -1.394334e-04, 1.211681e-06,
15500, +1.6749e-07, +6.3982e-04, +1.6303e-04, +4.3040e-02, +2.7275e-08, 0.000000e+00, 7.721543e-04, -1.026069e-04, 1.211617e-06,
15600, +1.3406e-07, +6.3265e-04, +1.5041e-04, +3.9914e-02, +2.7336e-08, 0.000000e+00, 7.718399e-04, -9.213678e-05, 1.211110e-06,
15700, +2.1568e-07, +6.2786e-04, +9.0204e-05, +6.5181e-02, +2.7488e-08, 0.000000e+00, 7.715321e-04, -1.168141e-04, 1.210804e-06,
15800, +1.4332e-07, +6.2742e-04, +1.7158e-04, +4.5373e-02, +2.7690e-08, 0.000000e+00, 7.712290e-04, -1.504809e-04, 1.211042e-06,
15900, +1.3198e-07, +6.2781e-04, +2.3373e-04, +3.9632e-02, +2.7983e-08, 0.000000e+00, 7.709274e-04, -1.583147e-04, 1.211621e-06,
16000, +1.9354e-07, +6.2561e-04, +1.9762e-04, +5.8370e-02, +2.8320e-08, 0.000000e+00, 7.706261e-04, -1.339638e-04, 1.211981e-06,
16100, +1.6185e-07, +6.2190e-04, +1.4027e-04, +3.8485e-02, +2.8637e-08, 0.000000e+00, 7.703269e-04, -1.027284e-04, 1.211860e-06,
16200, +1.3860e-07, +6.1748e-04, +1.1528e-04, +4.1914e-02, +2.8943e-08, 0.000000e+00, 7.700328e-04, -9.701172e-05, 1.211445e-06,
16300, +1.7750e-07, +6.1380e-04, +7.9233e-05, +5.3664e-02, +2.9228e-08, 0.000000e+00, 7.697444e-04, -1.207601e-04, 1.211209e-06,
16400, +1.3859e-07, +6.1329e-04, +1.8341e-04, +4.2779e-02, +2.9469e-08, 0.000000e+00, 7.694596e-04, -1.498467e-04, 1.211482e-06,
16500, +1.4808e-07, +6.1404e-04, +2.3513e-04, +4.4634e-02, +2.9694e-08, 0.000000e+00, 7.691753e-04, -1.536418e-04, 1.211994e-06,
16600, +1.8196e-07, +6.1572e-04, +1.6768e-04, +5.0251e-02, +2.9898e-08, 0.000000e+00, 7.688914e-04, -1.298107e-04, 1.212284e-06,
16700, +1.5722e-07, +6.1786e-04, +1.4159e-04, +3.6243e-02, +3.0061e-08, 0.000000e+00, 7.686102e-04, -1.027733e-04, 1.212124e-06,
16800, +1.6292e-07, +6.1800e-04, +1.2767e-04, +4.9226e-02, +3.0209e-08, 0.000000e+00, 7.683342e-04, -1.007414e-04, 1.211752e-06,
16900, +1.5595e-07, +6.1513e-04, +9.8086e-05, +4.6985e-02, +3.0346e-08, 0.000000e+00, 7.680633e-04, -1.242940e-04, 1.211587e-06,
17000, +1.3881e-07, +6.1166e-04, +1.9441e-04, +4.2769e-02, +3.0450e-08, 0.000000e+00, 7.677946e-04, -1.493294e-04, 1.211898e-06,
17100, +1.6480e-07, +6.1168e-04, +2.1415e-04, +4.9582e-02, +3.0538e-08, 0.000000e+00, 7.675258e-04, -1.494441e-04, 1.212342e-06,
17200, +1.7330e-07, +6.1586e-04, +1.5051e-04, +4.0506e-02, +3.0623e-08, 0.000000e+00, 7.672578e-04, -1.258162e-04, 1.212554e-06,
17300, +1.3677e-07, +6.1756e-04, +1.2164e-04, +3.3556e-02, +3.0672e-08, 0.000000e+00, 7.669933e-04, -1.031225e-04, 1.212370e-06,
17400, +1.5420e-07, +6.1350e-04, +1.1893e-04, +4.6548e-02, +3.0712e-08, 0.000000e+00, 7.667338e-04, -1.045414e-04, 1.212040e-06,
17500, +1.3997e-07, +6.0645e-04, +1.0361e-04, +4.4270e-02, +3.0749e-08, 0.000000e+00, 7.664782e-04, -1.276557e-04, 1.211957e-06,
17600, +1.0579e-07, +6.0370e-04, +1.9736e-04, +3.3624e-02, +3.0758e-08, 0.000000e+00, 7.662239e-04, -1.481073e-04, 1.212283e-06,
17700, +1.4468e-07, +6.0726e-04, +1.9237e-04, +4.1328e-02, +3.0759e-08, 0.000000e+00, 7.659695e-04, -1.450873e-04, 1.212676e-06,
17800, +1.7752e-07, +6.1155e-04, +1.3830e-04, +4.0612e-02, +3.0758e-08, 0.000000e+00, 7.657164e-04, -1.224907e-04, 1.212795e-06,
17900, +1.2183e-07, +6.0990e-04, +9.3236e-05, +2.7053e-02, +3.0729e-08, 0.000000e+00, 7.654671e-04, -1.045122e-04, 1.212630e-06,
18000, +1.2563e-07, +6.0171e-04, +9.6838e-05, +3.8714e-02, +3.0700e-08, 0.000000e+00, 7.652224e-04, -1.084467e-04, 1.212374e-06,
18100, +1.3735e-07, +5.9487e-04, +1.1807e-04, +4.8552e-02, +3.0664e-08, 0.000000e+00, 7.649805e-04, -1.298362e-04, 1.212323e-06,
18200, +1.0841e-07, +5.9550e-04, +2.0932e-04, +3.0610e-02, +3.0599e-08, 0.000000e+00, 7.647393e-04, -1.457580e-04, 1.212641e-06,
18300, +1.5483e-07, +6.0056e-04, +1.6896e-04, +3.9856e-02, +3.0745e-08, 0.000000e+00, 7.644982e-04, -1.408590e-04, 1.212988e-06,
18400, +1.6837e-07, +6.0191e-04, +1.2105e-04, +3.9810e-02, +3.1072e-08, 0.000000e+00, 7.642589e-04, -1.206869e-04, 1.213050e-06,
18500, +1.0063e-07, +5.9582e-04, +1.1136e-04, +2.6533e-02, +3.1417e-08, 0.000000e+00, 7.640236e-04, -1.066565e-04, 1.212920e-06,
18600, +1.1893e-07, +5.8685e-04, +8.5562e-05, +4.5161e-02, +3.1735e-08, 0.000000e+00, 7.637922e-04, -1.115121e-04, 1.212675e-06,
18700, +1.3817e-07, +5.8433e-04, +1.4886e-04, +4.4232e-02, +3.2026e-08, 0.000000e+00, 7.635627e-04, -1.303507e-04, 1.212704e-06,
18800, +1.2140e-07, +5.8622e-04, +2.0990e-04, +3.4867e-02, +3.2324e-08, 0.000000e+00, 7.633333e-04, -1.432023e-04, 1.212974e-06,
18900, +1.6357e-07, +5.8944e-04, +1.5474e-04, +3.9209e-02, +3.2582e-08, 0.000000e+00, 7.631047e-04, -1.380090e-04, 1.213261e-06,
19000, +1.4817e-07, +5.8684e-04, +1.1270e-04, +3.5403e-02, +3.2809e-08, 0.000000e+00, 7.628786e-04, -1.202938e-04, 1.213323e-06,
19100, +9.9846e-08, +5.7896e-04, +1.2024e-04, +2.9994e-02, +3.3039e-08, 0.000000e+00, 7.626562e-04, -1.082922e-04, 1.213205e-06,
19200, +1.2898e-07, +5.7484e-04, +7.1918e-05, +4.0841e-02, +3.3236e-08, 0.000000e+00, 7.624366e-04, -1.132761e-04, 1.212959e-06,
19300, +1.1090e-07, +5.7733e-04, +1.5985e-04, +3.4782e-02, +3.3405e-08, 0.000000e+00, 7.622182e-04, -1.301242e-04, 1.213041e-06,
19400, +1.2094e-07, +5.8315e-04, +1.8399e-04, +3.5082e-02, +3.3588e-08, 0.000000e+00, 7.620003e-04, -1.415184e-04, 1.213277e-06,
19500, +1.5542e-07, +5.8645e-04, +1.5212e-04, +3.8267e-02, +3.3742e-08, 0.000000e+00, 7.617839e-04, -1.361543e-04, 1.213531e-06,
19600, +1.2618e-07, +5.8401e-04, +1.0735e-04, +2.8899e-02, +3.3861e-08, 0.000000e+00, 7.615700e-04, -1.200118e-04, 1.213586e-06,
19700, +9.9335e-08, +5.7875e-04, +9.6107e-05, +2.9995e-02, +3.3993e-08, 0.000000e+00, 7.613589e-04, -1.091098e-04, 1.213480e-06,
19800, +1.1601e-07, +5.7673e-04, +7.9683e-05, +3.6692e-02, +3.4101e-08, 0.000000e+00, 7.611500e-04, -1.144646e-04, 1.213288e-06,
19900, +9.2979e-08, +5.7930e-04, +1.5933e-04, +2.6925e-02, +3.4181e-08, 0.000000e+00, 7.609425e-04, -1.301167e-04, 1.213352e-06,
0, +1.2197e-07, +5.8258e-04, +1.6457e-04, +3.5600e-02, +3.4276e-08, 0.000000e+00, 7.607360e-04, -1.404879e-04, 1.213578e-06,
100, +1.5526e-07, +5.8242e-04, +1.4055e-04, +3.8917e-02, +3.4346e-08, 0.000000e+00, 7.605307e-04, -1.346698e-04, 1.213784e-06,
200, +1.1824e-07, +5.7910e-04, +9.3186e-05, +2.6497e-02, +3.4384e-08, 0.000000e+00, 7.603276e-04, -1.195627e-04, 1.213860e-06,
300, +1.0267e-07, +5.7528e-04, +7.6831e-05, +3.1725e-02, +3.4441e-08, 0.000000e+00, 7.601271e-04, -1.093807e-04, 1.213719e-06,
400, +1.2018e-07, +5.7423e-04, +8.8956e-05, +3.8817e-02, +3.4475e-08, 0.000000e+00, 7.599288e-04, -1.153853e-04, 1.213528e-06,
500, +8.9636e-08, +5.7535e-04, +1.6756e-04, +2.6200e-02, +3.4483e-08, 0.000000e+00, 7.597317e-04, -1.304031e-04, 1.213647e-06,
600, +1.3749e-07, +5.7629e-04, +1.4360e-04, +3.7279e-02, +3.4512e-08, 0.000000e+00, 7.595354e-04, -1.398724e-04, 1.213867e-06,
700, +1.5837e-07, +5.7562e-04, +1.2583e-04, +3.7503e-02, +3.4517e-08, 0.000000e+00, 7.593404e-04, -1.334829e-04, 1.214082e-06,
800, +1.0199e-07, +5.7312e-04, +7.8721e-05, +2.6036e-02, +3.4496e-08, 0.000000e+00, 7.591476e-04, -1.186656e-04, 1.214135e-06,
900, +1.0879e-07, +5.7001e-04, +6.6985e-05, +3.5334e-02, +3.4497e-08, 0.000000e+00, 7.589572e-04, -1.095125e-04, 1.214001e-06,
1000, +1.0381e-07, +5.6828e-04, +1.0890e-04, +3.7615e-02, +3.4473e-08, 0.000000e+00, 7.587688e-04, -1.162489e-04, 1.213848e-06,
1100, +9.4446e-08, +5.6804e-04, +1.7164e-04, +2.8226e-02, +3.4434e-08, 0.000000e+00, 7.585812e-04, -1.310662e-04, 1.213931e-06,
1200, +1.5481e-07, +5.6829e-04, +1.3212e-04, +3.8292e-02, +3.4411e-08, 0.000000e+00, 7.583946e-04, -1.393404e-04, 1.214145e-06,
1300, +1.4505e-07, +5.6790e-04, +1.1497e-04, +3.3744e-02, +3.4374e-08, 0.000000e+00, 7.582094e-04, -1.321430e-04, 1.214362e-06,
1400, +9.6043e-08, +5.6534e-04, +8.8205e-05, +2.8952e-02, +3.4682e-08, 0.000000e+00, 7.580263e-04, -1.173853e-04, 1.214367e-06,
1500, +1.0228e-07, +5.6185e-04, +5.5059e-05, +3.7066e-02, +3.4991e-08, 0.000000e+00, 7.578454e-04, -1.096411e-04, 1.214223e-06,
1600, +9.3126e-08, +5.5939e-04, +1.3237e-04, +3.2241e-02, +3.5307e-08, 0.000000e+00, 7.576659e-04, -1.173217e-04, 1.214142e-06,
1700, +1.1197e-07, +5.5874e-04, +1.5176e-04, +2.9164e-02, +3.5607e-08, 0.000000e+00, 7.574875e-04, -1.318908e-04, 1.214205e-06,
1800, +1.5259e-07, +5.5912e-04, +1.3671e-04, +3.5964e-02, +3.5872e-08, 0.000000e+00, 7.573102e-04, -1.384940e-04, 1.214412e-06,
1900, +1.2102e-07, +5.5845e-04, +1.1621e-04, +2.9036e-02, +3.6135e-08, 0.000000e+00, 7.571343e-04, -1.304932e-04, 1.214633e-06,
2000, +9.4108e-08, +5.5572e-04, +8.9560e-05, +2.8383e-02, +3.6381e-08, 0.000000e+00, 7.569602e-04, -1.161546e-04, 1.214640e-06,
2100, +9.9021e-08, +5.5158e-04, +7.5805e-05, +3.3339e-02, +3.6595e-08, 0.000000e+00, 7.567880e-04, -1.102373e-04, 1.214454e-06,
2200, +7.6216e-08, +5.4848e-04, +1.3675e-04, +2.5010e-02, +3.6817e-08, 0.000000e+00, 7.566173e-04, -1.186037e-04, 1.214413e-06,
2300, +1.2340e-07, +5.4818e-04, +1.2448e-04, +2.8864e-02, +3.7028e-08, 0.000000e+00, 7.564478e-04, -1.323489e-04, 1.214486e-06,
2400, +1.4034e-07, +5.4931e-04, +1.4114e-04, +3.2891e-02, +3.7208e-08, 0.000000e+00, 7.562793e-04, -1.373682e-04, 1.214683e-06,
2500, +1.0544e-07, +5.5081e-04, +1.1039e-04, +2.4403e-02, +3.7382e-08, 0.000000e+00, 7.561120e-04, -1.289363e-04, 1.214886e-06,
2600, +8.7499e-08, +5.4890e-04, +6.5089e-05, +2.6392e-02, +3.7552e-08, 0.000000e+00, 7.559463e-04, -1.154779e-04, 1.214881e-06,
2700, +8.1506e-08, +5.4589e-04, +8.7572e-05, +2.8444e-02, +3.7696e-08, 0.000000e+00, 7.557826e-04, -1.110153e-04, 1.214734e-06,
2800, +8.3368e-08, +5.4560e-04, +1.2717e-04, +2.3113e-02, +3.7835e-08, 0.000000e+00, 7.556204e-04, -1.194812e-04, 1.214659e-06,
2900, +1.2495e-07, +5.4790e-04, +1.3507e-04, +2.9548e-02, +3.7976e-08, 0.000000e+00, 7.554593e-04, -1.323760e-04, 1.214747e-06,
3000, +1.2450e-07, +5.5062e-04, +1.3865e-04, +2.8542e-02, +3.8086e-08, 0.000000e+00, 7.552989e-04, -1.363535e-04, 1.214948e-06,
3100, +9.1124e-08, +5.5041e-04, +9.4088e-05, +2.4267e-02, +3.8189e-08, 0.000000e+00, 7.551397e-04, -1.278407e-04, 1.215114e-06,
3200, +8.3837e-08, +5.4728e-04, +4.2164e-05, +2.5381e-02, +3.8292e-08, 0.000000e+00, 7.549823e-04, -1.150345e-04, 1.215121e-06,
3300, +6.8173e-08, +5.4445e-04, +9.0172e-05, +2.2153e-02, +3.8370e-08, 0.000000e+00, 7.548268e-04, -1.113291e-04, 1.215010e-06,
3400, +9.2312e-08, +5.4454e-04, +1.0869e-04, +2.4957e-02, +3.8446e-08, 0.000000e+00, 7.546727e-04, -1.199226e-04, 1.214917e-06,
3500, +1.2227e-07, +5.4683e-04, +1.3459e-04, +2.9019e-02, +3.8522e-08, 0.000000e+00, 7.545193e-04, -1.324019e-04, 1.215013e-06,
3600, +1.1149e-07, +5.4834e-04, +1.2794e-04, +2.4756e-02, +3.8570e-08, 0.000000e+00, 7.543667e-04, -1.358131e-04, 1.215219e-06,
3700, +8.3250e-08, +5.4648e-04, +7.2745e-05, +2.5106e-02, +3.8617e-08, 0.000000e+00, 7.542154e-04, -1.270144e-04, 1.215363e-06,
3800, +8.5097e-08, +5.4281e-04, +5.3134e-05, +2.5718e-02, +3.8664e-08, 0.000000e+00, 7.540660e-04, -1.144807e-04, 1.215365e-06,
3900, +6.9410e-08, +5.4031e-04, +9.1216e-05, +1.8992e-02, +3.8688e-08, 0.000000e+00, 7.539183e-04, -1.112879e-04, 1.215230e-06,
4000, +1.0027e-07, +5.4062e-04, +1.0403e-04, +2.5830e-02, +3.8715e-08, 0.000000e+00, 7.537716e-04, -1.203645e-04, 1.215168e-06,
4100, +1.1962e-07, +5.4302e-04, +1.2924e-04, +2.7458e-02, +3.8739e-08, 0.000000e+00, 7.536255e-04, -1.327568e-04, 1.215268e-06,
4200, +1.0038e-07, +5.4346e-04, +1.1278e-04, +2.2053e-02, +3.8739e-08, 0.000000e+00, 7.534804e-04, -1.355896e-04, 1.215471e-06,
4300, +8.6825e-08, +5.4077e-04, +5.6666e-05, +2.6240e-02, +3.8744e-08, 0.000000e+00, 7.533369e-04, -1.259846e-04, 1.215640e-06,
4400, +7.9900e-08, +5.3678e-04, +5.9238e-05, +2.4089e-02, +3.8746e-08, 0.000000e+00, 7.531951e-04, -1.134785e-04, 1.215592e-06,
4500, +7.2476e-08, +5.3504e-04, +8.7539e-05, +1.8822e-02, +3.8728e-08, 0.000000e+00, 7.530546e-04, -1.110041e-04, 1.215456e-06,
4600, +1.0720e-07, +5.3641e-04, +1.0662e-04, +2.6676e-02, +3.8720e-08, 0.000000e+00, 7.529148e-04, -1.210972e-04, 1.215400e-06,
4700, +1.1434e-07, +5.3792e-04, +1.2144e-04, +2.4929e-02, +3.8711e-08, 0.000000e+00, 7.527760e-04, -1.334730e-04, 1.215507e-06,
4800, +9.0211e-08, +5.3705e-04, +9.7044e-05, +2.0220e-02, +3.8685e-08, 0.000000e+00, 7.526383e-04, -1.353027e-04, 1.215731e-06,
4900, +8.7123e-08, +5.3365e-04, +5.0815e-05, +2.6311e-02, +3.8663e-08, 0.000000e+00, 7.525021e-04, -1.245264e-04, 1.215890e-06,
5000, +7.4209e-08, +5.3023e-04, +6.7282e-05, +2.2321e-02, +3.8878e-08, 0.000000e+00, 7.523672e-04, -1.121701e-04, 1.215820e-06,
5100, +8.4654e-08, +5.2936e-04, +8.0153e-05, +1.9990e-02, +3.9199e-08, 0.000000e+00, 7.522334e-04, -1.109750e-04, 1.215679e-06,
5200, +1.0766e-07, +5.3093e-04, +1.0792e-04, +2.5545e-02, +3.9489e-08, 0.000000e+00, 7.521005e-04, -1.222907e-04, 1.215634e-06,
5300, +1.0612e-07, +5.3134e-04, +1.1518e-04, +2.3135e-02, +3.9757e-08, 0.000000e+00, 7.519687e-04, -1.343267e-04, 1.215751e-06,
5400, +8.0907e-08, +5.2900e-04, +8.8464e-05, +1.8580e-02, +4.0033e-08, 0.000000e+00, 7.518381e-04, -1.347212e-04, 1.215963e-06,
5500, +8.2511e-08, +5.2545e-04, +4.8270e-05, +2.4846e-02, +4.0283e-08, 0.000000e+00, 7.517087e-04, -1.226821e-04, 1.216124e-06,
5600, +6.9126e-08, +5.2301e-04, +7.0772e-05, +2.0663e-02, +4.0515e-08, 0.000000e+00, 7.515803e-04, -1.109289e-04, 1.216036e-06,
5700, +9.3317e-08, +5.2308e-04, +8.2371e-05, +2.0562e-02, +4.0762e-08, 0.000000e+00, 7.514531e-04, -1.113519e-04, 1.215897e-06,
5800, +1.0708e-07, +5.2377e-04, +1.0983e-04, +2.4277e-02, +4.0981e-08, 0.000000e+00, 7.513269e-04, -1.238362e-04, 1.215860e-06,
5900, +9.4489e-08, +5.2278e-04, +1.1083e-04, +2.0312e-02, +4.1177e-08, 0.000000e+00, 7.512019e-04, -1.350553e-04, 1.216021e-06,
6000, +7.4829e-08, +5.1997e-04, +7.7604e-05, +1.8632e-02, +4.1389e-08, 0.000000e+00, 7.510779e-04, -1.336631e-04, 1.216234e-06,
6100, +7.8137e-08, +5.1683e-04, +5.4350e-05, +2.3534e-02, +4.1576e-08, 0.000000e+00, 7.509548e-04, -1.206175e-04, 1.216347e-06,
6200, +8.0505e-08, +5.1498e-04, +6.8789e-05, +1.8867e-02, +4.1741e-08, 0.000000e+00, 7.508328e-04, -1.099061e-04, 1.216214e-06,
6300, +9.8164e-08, +5.1482e-04, +8.7735e-05, +2.0927e-02, +4.1927e-08, 0.000000e+00, 7.507120e-04, -1.121240e-04, 1.216109e-06,
6400, +9.8448e-08, +5.1437e-04, +1.0939e-04, +2.3501e-02, +4.2087e-08, 0.000000e+00, 7.505924e-04, -1.254671e-04, 1.216099e-06,
6500, +8.2812e-08, +5.1423e-04, +1.0431e-04, +1.8675e-02, +4.2222e-08, 0.000000e+00, 7.504737e-04, -1.355009e-04, 1.216269e-06,
6600, +6.8970e-08, +5.1269e-04, +6.6972e-05, +1.8531e-02, +4.2377e-08, 0.000000e+00, 7.503558e-04, -1.322695e-04, 1.216482e-06,
6700, +7.5978e-08, +5.1120e-04, +5.6287e-05, +2.2903e-02, +4.2510e-08, 0.000000e+00, 7.502388e-04, -1.185091e-04, 1.216551e-06,
6800, +8.6923e-08, +5.1129e-04, +6.1654e-05, +1.8784e-02, +4.2619e-08, 0.000000e+00, 7.501230e-04, -1.090680e-04, 1.216435e-06,
6900, +9.4766e-08, +5.1243e-04, +9.2706e-05, +2.0003e-02, +4.2750e-08, 0.000000e+00, 7.500084e-04, -1.131506e-04, 1.216323e-06,
7000, +8.8334e-08, +5.1283e-04, +1.0786e-04, +2.2530e-02, +4.2857e-08, 0.000000e+00, 7.498950e-04, -1.270361e-04, 1.216320e-06,
7100, +7.5645e-08, +5.1178e-04, +9.4807e-05, +1.8478e-02, +4.2939e-08, 0.000000e+00, 7.497823e-04, -1.357342e-04, 1.216516e-06,
7200, +7.1428e-08, +5.1020e-04, +5.7947e-05, +1.8374e-02, +4.3044e-08, 0.000000e+00, 7.496702e-04, -1.305352e-04, 1.216722e-06,
7300, +7.8575e-08, +5.0932e-04, +5.2461e-05, +2.1844e-02, +4.3127e-08, 0.000000e+00, 7.495591e-04, -1.164012e-04, 1.216756e-06,
7400, +8.8166e-08, +5.0967e-04, +7.0783e-05, +1.8562e-02, +4.3187e-08, 0.000000e+00, 7.494494e-04, -1.083301e-04, 1.216649e-06,
7500, +8.8523e-08, +5.1063e-04, +9.4951e-05, +1.8692e-02, +4.3269e-08, 0.000000e+00, 7.493408e-04, -1.143884e-04, 1.216529e-06,
7600, +7.9850e-08, +5.1050e-04, +1.0149e-04, +2.0642e-02, +4.3330e-08, 0.000000e+00, 7.492331e-04, -1.285126e-04, 1.216559e-06,
7700, +7.3497e-08, +5.0920e-04, +8.2602e-05, +1.8245e-02, +4.3369e-08, 0.000000e+00, 7.491260e-04, -1.357375e-04, 1.216757e-06,
7800, +7.5442e-08, +5.0790e-04, +5.5543e-05, +1.8959e-02, +4.3431e-08, 0.000000e+00, 7.490196e-04, -1.285455e-04, 1.216953e-06,
7900, +8.2605e-08, +5.0732e-04, +5.6999e-05, +1.9631e-02, +4.3474e-08, 0.000000e+00, 7.489143e-04, -1.143618e-04, 1.216955e-06,
8000, +8.6464e-08, +5.0792e-04, +7.5537e-05, +1.8413e-02, +4.3495e-08, 0.000000e+00, 7.488103e-04, -1.078751e-04, 1.216836e-06,
8100, +8.1793e-08, +5.0813e-04, +9.2137e-05, +1.9414e-02, +4.3538e-08, 0.000000e+00, 7.487074e-04, -1.159019e-04, 1.216725e-06,
8200, +7.5777e-08, +5.0707e-04, +9.2724e-05, +1.8114e-02, +4.3563e-08, 0.000000e+00, 7.486051e-04, -1.299648e-04, 1.216790e-06,
8300, +7.5418e-08, +5.0598e-04, +7.2428e-05, +1.8073e-02, +4.3567e-08, 0.000000e+00, 7.485034e-04, -1.353920e-04, 1.216993e-06,
8400, +8.0528e-08, +5.0550e-04, +5.7192e-05, +1.9167e-02, +4.3595e-08, 0.000000e+00, 7.484025e-04, -1.263426e-04, 1.217170e-06,
8500, +8.5149e-08, +5.0481e-04, +6.2241e-05, +1.8140e-02, +4.3606e-08, 0.000000e+00, 7.483027e-04, -1.124658e-04, 1.217136e-06,
8600, +8.2337e-08, +5.0454e-04, +7.6985e-05, +1.8060e-02, +4.3599e-08, 0.000000e+00, 7.482041e-04, -1.079774e-04, 1.217024e-06,
8700, +7.7499e-08, +5.0354e-04, +8.6725e-05, +1.9353e-02, +4.3611e-08, 0.000000e+00, 7.481064e-04, -1.178363e-04, 1.216910e-06,
8800, +7.6430e-08, +5.0185e-04, +8.4064e-05, +1.7916e-02, +4.3611e-08, 0.000000e+00, 7.480093e-04, -1.313581e-04, 1.217015e-06,
8900, +7.9838e-08, +5.0046e-04, +6.7858e-05, +1.7849e-02, +4.3596e-08, 0.000000e+00, 7.479128e-04, -1.347641e-04, 1.217225e-06,
9000, +8.4856e-08, +4.9995e-04, +6.1034e-05, +1.8687e-02, +4.3590e-08, 0.000000e+00, 7.478172e-04, -1.241553e-04, 1.217373e-06,
9100, +8.1260e-08, +4.9879e-04, +6.6442e-05, +1.7858e-02, +4.3584e-08, 0.000000e+00, 7.477226e-04, -1.111066e-04, 1.217312e-06,
9200, +7.8394e-08, +4.9782e-04, +7.5791e-05, +1.7815e-02, +4.3562e-08, 0.000000e+00, 7.476291e-04, -1.087478e-04, 1.217195e-06,
9300, +7.6792e-08, +4.9599e-04, +8.1516e-05, +1.8610e-02, +4.3822e-08, 0.000000e+00, 7.475364e-04, -1.200411e-04, 1.217115e-06,
9400, +7.9176e-08, +4.9400e-04, +7.7817e-05, +1.7367e-02, +4.4102e-08, 0.000000e+00, 7.474443e-04, -1.325456e-04, 1.217231e-06,
9500, +8.1725e-08, +4.9245e-04, +6.8143e-05, +1.7451e-02, +4.4384e-08, 0.000000e+00, 7.473528e-04, -1.336766e-04, 1.217457e-06,
9600, +8.1843e-08, +4.9097e-04, +6.5416e-05, +1.7791e-02, +4.4641e-08, 0.000000e+00, 7.472621e-04, -1.218090e-04, 1.217572e-06,
9700, +8.0972e-08, +4.9043e-04, +6.8223e-05, +1.7580e-02, +4.4887e-08, 0.000000e+00, 7.471725e-04, -1.098892e-04, 1.217491e-06,
9800, +8.1271e-08, +4.8912e-04, +7.2774e-05, +1.7384e-02, +4.5139e-08, 0.000000e+00, 7.470838e-04, -1.097804e-04, 1.217355e-06,
9900, +8.2330e-08, +4.8743e-04, +7.6878e-05, +1.7691e-02, +4.5366e-08, 0.000000e+00, 7.469958e-04, -1.220181e-04, 1.217318e-06,
10000, +8.3388e-08, +4.8616e-04, +7.5615e-05, +1.7433e-02, +4.5600e-08, 0.000000e+00, 7.469085e-04, -1.331806e-04, 1.217440e-06,
10100, +8.4218e-08, +4.8529e-04, +7.1776e-05, +1.7475e-02, +4.5825e-08, 0.000000e+00, 7.468217e-04, -1.320433e-04, 1.217670e-06,
10200, +8.5666e-08, +4.8442e-04, +6.8362e-05, +1.7690e-02, +4.6030e-08, 0.000000e+00, 7.467358e-04, -1.193966e-04, 1.217755e-06,
10300, +8.6451e-08, +4.8314e-04, +6.6261e-05, +1.7684e-02, +4.6243e-08, 0.000000e+00, 7.466508e-04, -1.088780e-04, 1.217674e-06,
10400, +8.6082e-08, +4.8148e-04, +6.9510e-05, +1.7411e-02, +4.6434e-08, 0.000000e+00, 7.465667e-04, -1.109489e-04, 1.217534e-06,
10500, +8.6607e-08, +4.7965e-04, +7.5583e-05, +1.7433e-02, +4.6602e-08, 0.000000e+00, 7.464833e-04, -1.237524e-04, 1.217524e-06,
10600, +8.7303e-08, +4.7801e-04, +7.8687e-05, +1.7533e-02, +4.6748e-08, 0.000000e+00, 7.464004e-04, -1.334387e-04, 1.217657e-06,
10700, +8.7667e-08, +4.7640e-04, +7.4428e-05, +1.7608e-02, +4.6871e-08, 0.000000e+00, 7.463182e-04, -1.301823e-04, 1.217878e-06,
10800, +8.7284e-08, +4.7462e-04, +6.6859e-05, +1.7467e-02, +4.6971e-08, 0.000000e+00, 7.462367e-04, -1.171855e-04, 1.217923e-06,
10900, +8.6924e-08, +4.7257e-04, +6.3813e-05, +1.7338e-02, +4.7049e-08, 0.000000e+00, 7.461561e-04, -1.082724e-04, 1.217840e-06,
11000, +8.7387e-08, +4.7060e-04, +6.9045e-05, +1.7393e-02, +4.7103e-08, 0.000000e+00, 7.460763e-04, -1.124275e-04, 1.217706e-06,
11100, +8.7011e-08, +4.6865e-04, +7.7333e-05, +1.7290e-02, +4.7135e-08, 0.000000e+00, 7.459972e-04, -1.254408e-04, 1.217723e-06,
11200, +8.6481e-08, +4.6668e-04, +7.8927e-05, +1.7219e-02, +4.7145e-08, 0.000000e+00, 7.459187e-04, -1.334793e-04, 1.217869e-06,
11300, +8.5892e-08, +4.6471e-04, +7.1460e-05, +1.7131e-02, +4.7133e-08, 0.000000e+00, 7.458407e-04, -1.282422e-04, 1.218067e-06,
11400, +8.5338e-08, +4.6290e-04, +6.2291e-05, +1.7078e-02, +4.7099e-08, 0.000000e+00, 7.457634e-04, -1.152580e-04, 1.218058e-06,
11500, +8.4548e-08, +4.6094e-04, +6.0706e-05, +1.6981e-02, +4.7043e-08, 0.000000e+00, 7.456870e-04, -1.080698e-04, 1.217992e-06,
11600, +8.3432e-08, +4.5885e-04, +6.8817e-05, +1.6811e-02, +4.6967e-08, 0.000000e+00, 7.456113e-04, -1.141436e-04, 1.217859e-06,
11700, +8.2456e-08, +4.5644e-04, +7.7202e-05, +1.6643e-02, +4.6869e-08, 0.000000e+00, 7.455363e-04, -1.270148e-04, 1.217903e-06,
11800, +8.1784e-08, +4.5503e-04, +7.7093e-05, +1.6593e-02, +4.6766e-08, 0.000000e+00, 7.454618e-04, -1.332202e-04, 1.218076e-06,
11900, +8.1020e-08, +4.5394e-04, +6.8133e-05, +1.6559e-02, +4.6662e-08, 0.000000e+00, 7.453879e-04, -1.262371e-04, 1.218248e-06,
12000, +8.0082e-08, +4.5327e-04, +6.0203e-05, +1.6502e-02, +4.6538e-08, 0.000000e+00, 7.453146e-04, -1.136189e-04, 1.218219e-06,
12100, +7.8879e-08, +4.5210e-04, +6.0233e-05, +1.6331e-02, +4.6396e-08, 0.000000e+00, 7.452421e-04, -1.083109e-04, 1.218127e-06,
12200, +7.7985e-08, +4.5039e-04, +6.9106e-05, +1.6203e-02, +4.6235e-08, 0.000000e+00, 7.451705e-04, -1.160407e-04, 1.218011e-06,
12300, +7.7066e-08, +4.4859e-04, +7.6619e-05, +1.6077e-02, +4.6058e-08, 0.000000e+00, 7.450993e-04, -1.283662e-04, 1.218080e-06,
12400, +7.6624e-08, +4.4654e-04, +7.4746e-05, +1.6031e-02, +4.5864e-08, 0.000000e+00, 7.450287e-04, -1.325899e-04, 1.218263e-06,
12500, +7.6307e-08, +4.4566e-04, +6.5872e-05, +1.6137e-02, +4.5653e-08, 0.000000e+00, 7.449585e-04, -1.241785e-04, 1.218400e-06,
12600, +7.5234e-08, +4.4515e-04, +5.8987e-05, +1.6040e-02, +4.5427e-08, 0.000000e+00, 7.448890e-04, -1.122805e-04, 1.218380e-06,
12700, +7.4240e-08, +4.4395e-04, +6.0594e-05, +1.5902e-02, +4.5187e-08, 0.000000e+00, 7.448204e-04, -1.089587e-04, 1.218252e-06,
12800, +7.4067e-08, +4.4215e-04, +6.9567e-05, +1.5904e-02, +4.4934e-08, 0.000000e+00, 7.447524e-04, -1.179892e-04, 1.218168e-06,
12900, +7.3675e-08, +4.4045e-04, +7.6075e-05, +1.5910e-02, +4.4669e-08, 0.000000e+00, 7.446850e-04, -1.294808e-04, 1.218256e-06,
13000, +7.3371e-08, +4.3927e-04, +7.3220e-05, +1.5958e-02, +4.4391e-08, 0.000000e+00, 7.446179e-04, -1.316811e-04, 1.218443e-06,
13100, +7.2778e-08, +4.3875e-04, +6.3259e-05, +1.5945e-02, +4.4103e-08, 0.000000e+00, 7.445514e-04, -1.221643e-04, 1.218530e-06,
13200, +7.1889e-08, +4.3775e-04, +5.7191e-05, +1.5804e-02, +4.3803e-08, 0.000000e+00, 7.444855e-04, -1.112316e-04, 1.218514e-06,
13300, +7.0117e-08, +4.3554e-04, +6.0591e-05, +1.5407e-02, +4.3492e-08, 0.000000e+00, 7.444205e-04, -1.099364e-04, 1.218383e-06,
13400, +6.9961e-08, +4.3302e-04, +7.0311e-05, +1.5377e-02, +4.3171e-08, 0.000000e+00, 7.443560e-04, -1.198837e-04, 1.218320e-06,
13500, +6.9966e-08, +4.3097e-04, +7.5447e-05, +1.5418e-02, +4.2841e-08, 0.000000e+00, 7.442920e-04, -1.302805e-04, 1.218426e-06,
13600, +6.9923e-08, +4.2975e-04, +7.0422e-05, +1.5470e-02, +4.2501e-08, 0.000000e+00, 7.442284e-04, -1.304773e-04, 1.218608e-06,
13700, +6.9499e-08, +4.2876e-04, +6.0044e-05, +1.5414e-02, +4.2152e-08, 0.000000e+00, 7.441654e-04, -1.202590e-04, 1.218685e-06,
13800, +6.8907e-08, +4.2704e-04, +5.5414e-05, +1.5238e-02, +4.1794e-08, 0.000000e+00, 7.441030e-04, -1.105303e-04, 1.218641e-06,
13900, +6.8523e-08, +4.2409e-04, +6.0894e-05, +1.5074e-02, +4.1429e-08, 0.000000e+00, 7.440414e-04, -1.111750e-04, 1.218518e-06,
14000, +6.8593e-08, +4.2097e-04, +7.0776e-05, +1.5036e-02, +4.1056e-08, 0.000000e+00, 7.439804e-04, -1.216537e-04, 1.218477e-06,
14100, +6.8804e-08, +4.1864e-04, +7.4006e-05, +1.5080e-02, +4.0675e-08, 0.000000e+00, 7.439197e-04, -1.307471e-04, 1.218604e-06,
14200, +6.8769e-08, +4.1694e-04, +6.6856e-05, +1.5072e-02, +4.0429e-08, 0.000000e+00, 7.438594e-04, -1.290684e-04, 1.218776e-06,
14300, +6.8505e-08, +4.1514e-04, +5.6860e-05, +1.4961e-02, +4.0205e-08, 0.000000e+00, 7.437997e-04, -1.185085e-04, 1.218838e-06,
14400, +6.8161e-08, +4.1237e-04, +5.4946e-05, +1.4758e-02, +3.9967e-08, 0.000000e+00, 7.437408e-04, -1.101293e-04, 1.218775e-06,
14500, +6.8217e-08, +4.0895e-04, +6.2415e-05, +1.4632e-02, +3.9716e-08, 0.000000e+00, 7.436825e-04, -1.125728e-04, 1.218658e-06,
14600, +6.8502e-08, +4.0579e-04, +7.1261e-05, +1.4613e-02, +3.9453e-08, 0.000000e+00, 7.436247e-04, -1.232287e-04, 1.218638e-06,
14700, +6.8712e-08, +4.0348e-04, +7.1656e-05, +1.4632e-02, +3.9177e-08, 0.000000e+00, 7.435672e-04, -1.308877e-04, 1.218787e-06,
14800, +6.8576e-08, +4.0145e-04, +6.3132e-05, +1.4570e-02, +3.8890e-08, 0.000000e+00, 7.435102e-04, -1.275518e-04, 1.218946e-06,
14900, +6.7694e-08, +3.9929e-04, +5.5460e-05, +1.4403e-02, +3.8592e-08, 0.000000e+00, 7.434538e-04, -1.169518e-04, 1.218986e-06,
15000, +6.6652e-08, +3.9595e-04, +5.6981e-05, +1.4196e-02, +3.8283e-08, 0.000000e+00, 7.433981e-04, -1.099741e-04, 1.218912e-06,
15100, +6.6101e-08, +3.9225e-04, +6.4944e-05, +1.4112e-02, +3.7965e-08, 0.000000e+00, 7.433430e-04, -1.140188e-04, 1.218803e-06,
15200, +6.5819e-08, +3.8894e-04, +7.1011e-05, +1.4083e-02, +3.7636e-08, 0.000000e+00, 7.432884e-04, -1.245985e-04, 1.218806e-06,
15300, +6.5810e-08, +3.8668e-04, +6.8798e-05, +1.4127e-02, +3.7299e-08, 0.000000e+00, 7.432341e-04, -1.307664e-04, 1.218970e-06,
15400, +6.5538e-08, +3.8477e-04, +6.0448e-05, +1.4007e-02, +3.6952e-08, 0.000000e+00, 7.431803e-04, -1.259776e-04, 1.219117e-06,
15500, +6.5317e-08, +3.8214e-04, +5.7763e-05, +1.3853e-02, +3.6597e-08, 0.000000e+00, 7.431272e-04, -1.155500e-04, 1.219143e-06,
15600, +6.6012e-08, +3.7872e-04, +6.1141e-05, +1.3902e-02, +3.6234e-08, 0.000000e+00, 7.430746e-04, -1.100638e-04, 1.219056e-06,
15700, +6.5952e-08, +3.7502e-04, +6.6060e-05, +1.3787e-02, +3.5864e-08, 0.000000e+00, 7.430227e-04, -1.155146e-04, 1.218961e-06,
15800, +6.5965e-08, +3.7172e-04, +6.9687e-05, +1.3789e-02, +3.5487e-08, 0.000000e+00, 7.429712e-04, -1.258217e-04, 1.218991e-06,
15900, +6.5648e-08, +3.6908e-04, +6.6599e-05, +1.3762e-02, +3.5104e-08, 0.000000e+00, 7.429200e-04, -1.303904e-04, 1.219160e-06,
16000, +6.5067e-08, +3.6624e-04, +6.1110e-05, +1.3639e-02, +3.4714e-08, 0.000000e+00, 7.428694e-04, -1.243580e-04, 1.219293e-06,
16100, +6.4467e-08, +3.6276e-04, +5.9318e-05, +1.3454e-02, +3.4318e-08, 0.000000e+00, 7.428194e-04, -1.143229e-04, 1.219310e-06,
16200, +6.4177e-08, +3.5873e-04, +6.2914e-05, +1.3333e-02, +3.3917e-08, 0.000000e+00, 7.427700e-04, -1.104471e-04, 1.219203e-06,
16300, +6.3865e-08, +3.5466e-04, +6.7762e-05, +1.3224e-02, +3.3511e-08, 0.000000e+00, 7.427211e-04, -1.170494e-04, 1.219123e-06,
16400, +6.3713e-08, +3.5109e-04, +6.8869e-05, +1.3213e-02, +3.3100e-08, 0.000000e+00, 7.426727e-04, -1.268772e-04, 1.219180e-06,
16500, +6.3254e-08, +3.4787e-04, +6.5745e-05, +1.3139e-02, +3.2685e-08, 0.000000e+00, 7.426247e-04, -1.297802e-04, 1.219352e-06,
16600, +6.2667e-08, +3.4465e-04, +6.2469e-05, +1.3017e-02, +3.2266e-08, 0.000000e+00, 7.425772e-04, -1.227361e-04, 1.219470e-06,
16700, +6.2010e-08, +3.4084e-04, +6.3285e-05, +1.2831e-02, +3.1844e-08, 0.000000e+00, 7.425303e-04, -1.133036e-04, 1.219468e-06,
16800, +6.1553e-08, +3.3665e-04, +6.4583e-05, +1.2688e-02, +3.1418e-08, 0.000000e+00, 7.424839e-04, -1.111058e-04, 1.219349e-06,
16900, +6.1160e-08, +3.3246e-04, +6.7336e-05, +1.2584e-02, +3.0990e-08, 0.000000e+00, 7.424381e-04, -1.186161e-04, 1.219290e-06,
17000, +6.0858e-08, +3.2869e-04, +6.7768e-05, +1.2555e-02, +3.0559e-08, 0.000000e+00, 7.423927e-04, -1.277203e-04, 1.219368e-06,
17100, +6.0232e-08, +3.2534e-04, +6.6844e-05, +1.2455e-02, +3.0127e-08, 0.000000e+00, 7.423478e-04, -1.289372e-04, 1.219540e-06,
17200, +5.9555e-08, +3.2178e-04, +6.7116e-05, +1.2313e-02, +2.9693e-08, 0.000000e+00, 7.423034e-04, -1.211446e-04, 1.219641e-06,
17300, +5.8880e-08, +3.1784e-04, +6.7738e-05, +1.2138e-02, +2.9257e-08, 0.000000e+00, 7.422595e-04, -1.125567e-04, 1.219612e-06,
17400, +5.8314e-08, +3.1356e-04, +6.8764e-05, +1.1980e-02, +2.8820e-08, 0.000000e+00, 7.422162e-04, -1.120170e-04, 1.219498e-06,
17500, +5.7856e-08, +3.0928e-04, +6.9955e-05, +1.1870e-02, +2.8383e-08, 0.000000e+00, 7.421733e-04, -1.201512e-04, 1.219465e-06,
17600, +5.7421e-08, +3.0544e-04, +7.0553e-05, +1.1809e-02, +2.7946e-08, 0.000000e+00, 7.421310e-04, -1.283001e-04, 1.219565e-06,
17700, +5.6803e-08, +3.0193e-04, +7.0605e-05, +1.1710e-02, +2.7509e-08, 0.000000e+00, 7.420891e-04, -1.279103e-04, 1.219728e-06,
17800, +5.6116e-08, +2.9833e-04, +7.0598e-05, +1.1569e-02, +2.7072e-08, 0.000000e+00, 7.420477e-04, -1.196399e-04, 1.219815e-06,
17900, +5.5395e-08, +2.9434e-04, +7.1009e-05, +1.1382e-02, +2.6636e-08, 0.000000e+00, 7.420068e-04, -1.120993e-04, 1.219755e-06,
18000, +5.4833e-08, +2.8998e-04, +7.1968e-05, +1.1223e-02, +2.6202e-08, 0.000000e+00, 7.419664e-04, -1.131305e-04, 1.219654e-06,
18100, +5.4388e-08, +2.8575e-04, +7.2783e-05, +1.1123e-02, +2.5768e-08, 0.000000e+00, 7.419266e-04, -1.216089e-04, 1.219648e-06,
18200, +5.3904e-08, +2.8195e-04, +7.3057e-05, +1.1051e-02, +2.5336e-08, 0.000000e+00, 7.418872e-04, -1.285992e-04, 1.219770e-06,
18300, +5.3307e-08, +2.7851e-04, +7.2797e-05, +1.0964e-02, +2.4907e-08, 0.000000e+00, 7.418483e-04, -1.267388e-04, 1.219921e-06,
18400, +5.2508e-08, +2.7492e-04, +7.2550e-05, +1.0791e-02, +2.4479e-08, 0.000000e+00, 7.418098e-04, -1.182667e-04, 1.219981e-06,
18500, +5.1788e-08, +2.7089e-04, +7.2844e-05, +1.0603e-02, +2.4054e-08, 0.000000e+00, 7.417718e-04, -1.119376e-04, 1.219910e-06,
18600, +5.1201e-08, +2.6656e-04, +7.3557e-05, +1.0443e-02, +2.3632e-08, 0.000000e+00, 7.417343e-04, -1.143808e-04, 1.219827e-06,
18700, +5.0734e-08, +2.6240e-04, +7.4106e-05, +1.0345e-02, +2.3212e-08, 0.000000e+00, 7.416974e-04, -1.229290e-04, 1.219837e-06,
18800, +5.0265e-08, +2.5872e-04, +7.4150e-05, +1.0285e-02, +2.2796e-08, 0.000000e+00, 7.416609e-04, -1.286312e-04, 1.219970e-06,
18900, +4.9587e-08, +2.5538e-04, +7.3603e-05, +1.0174e-02, +2.2383e-08, 0.000000e+00, 7.416249e-04, -1.254822e-04, 1.220104e-06,
19000, +4.8812e-08, +2.5183e-04, +7.3222e-05, +1.0004e-02, +2.1973e-08, 0.000000e+00, 7.415892e-04, -1.170659e-04, 1.220139e-06,
19100, +4.8122e-08, +2.4784e-04, +7.3439e-05, +9.8215e-03, +2.1567e-08, 0.000000e+00, 7.415541e-04, -1.120357e-04, 1.220065e-06,
19200, +4.7244e-08, +2.4359e-04, +7.3905e-05, +9.5878e-03, +2.1165e-08, 0.000000e+00, 7.415194e-04, -1.157014e-04, 1.220000e-06,
19300, +4.6819e-08, +2.3962e-04, +7.4289e-05, +9.5166e-03, +2.0767e-08, 0.000000e+00, 7.414854e-04, -1.240881e-04, 1.220023e-06,
19400, +4.6286e-08, +2.3613e-04, +7.4007e-05, +9.4459e-03, +2.0372e-08, 0.000000e+00, 7.414517e-04, -1.284217e-04, 1.220160e-06,
19500, +4.5602e-08, +2.3291e-04, +7.3305e-05, +9.3369e-03, +1.9982e-08, 0.000000e+00, 7.414184e-04, -1.242004e-04, 1.220280e-06,
19600, +4.4804e-08, +2.2949e-04, +7.2678e-05, +9.1616e-03, +1.9596e-08, 0.000000e+00, 7.413855e-04, -1.160585e-04, 1.220294e-06,
19700, +4.4091e-08, +2.2563e-04, +7.2675e-05, +8.9752e-03, +1.9215e-08, 0.000000e+00, 7.413531e-04, -1.123791e-04, 1.220222e-06,
19800, +4.3539e-08, +2.2160e-04, +7.2979e-05, +8.8335e-03, +1.8838e-08, 0.000000e+00, 7.413213e-04, -1.170511e-04, 1.220169e-06,
19900, +4.3071e-08, +2.1783e-04, +7.3080e-05, +8.7470e-03, +1.8466e-08, 0.000000e+00, 7.412899e-04, -1.250785e-04, 1.220203e-06,
0, +4.2552e-08, +2.1461e-04, +7.2615e-05, +8.6803e-03, +1.8099e-08, 0.000000e+00, 7.412589e-04, -1.280092e-04, 1.220342e-06,
100, +4.1862e-08, +2.1154e-04, +7.1742e-05, +8.5608e-03, +1.7736e-08, 0.000000e+00, 7.412283e-04, -1.229278e-04, 1.220445e-06,
200, +4.1094e-08, +2.0827e-04, +7.1070e-05, +8.3851e-03, +1.7379e-08, 0.000000e+00, 7.411981e-04, -1.152562e-04, 1.220443e-06,
300, +4.0413e-08, +2.0453e-04, +7.1029e-05, +8.1991e-03, +1.7026e-08, 0.000000e+00, 7.411684e-04, -1.129439e-04, 1.220376e-06,
400, +3.9919e-08, +2.0067e-04, +7.1257e-05, +8.0710e-03, +1.6678e-08, 0.000000e+00, 7.411392e-04, -1.184003e-04, 1.220331e-06,
500, +3.9504e-08, +1.9722e-04, +7.1095e-05, +8.0052e-03, +1.6336e-08, 0.000000e+00, 7.411104e-04, -1.258640e-04, 1.220381e-06,
600, +3.8969e-08, +1.9423e-04, +7.0378e-05, +7.9328e-03, +1.5998e-08, 0.000000e+00, 7.410820e-04, -1.274112e-04, 1.220515e-06,
700, +3.8230e-08, +1.9139e-04, +6.9353e-05, +7.7950e-03, +1.5666e-08, 0.000000e+00, 7.410540e-04, -1.216915e-04, 1.220603e-06,
800, +3.7481e-08, +1.8822e-04, +6.8733e-05, +7.6156e-03, +1.5339e-08, 0.000000e+00, 7.410264e-04, -1.146862e-04, 1.220586e-06,
900, +3.6867e-08, +1.8462e-04, +6.8697e-05, +7.4451e-03, +1.5017e-08, 0.000000e+00, 7.409992e-04, -1.136955e-04, 1.220520e-06,
1000, +3.6451e-08, +1.8102e-04, +6.8831e-05, +7.3440e-03, +1.4699e-08, 0.000000e+00, 7.409725e-04, -1.197083e-04, 1.220490e-06,
1100, +3.6058e-08, +1.7785e-04, +6.8464e-05, +7.2874e-03, +1.4388e-08, 0.000000e+00, 7.409462e-04, -1.264061e-04, 1.220556e-06,
1200, +3.5542e-08, +1.7512e-04, +6.7513e-05, +7.2168e-03, +1.4081e-08, 0.000000e+00, 7.409203e-04, -1.266676e-04, 1.220687e-06,
1300, +3.4891e-08, +1.7245e-04, +6.6411e-05, +7.0926e-03, +1.3779e-08, 0.000000e+00, 7.408947e-04, -1.205274e-04, 1.220763e-06,
1400, +3.4214e-08, +1.6941e-04, +6.5781e-05, +6.9140e-03, +1.3483e-08, 0.000000e+00, 7.408695e-04, -1.143563e-04, 1.220739e-06,
1500, +3.3738e-08, +1.6603e-04, +6.5620e-05, +6.7677e-03, +1.3191e-08, 0.000000e+00, 7.408447e-04, -1.145967e-04, 1.220681e-06,
1600, +3.3376e-08, +1.6275e-04, +6.5432e-05, +6.6843e-03, +1.2905e-08, 0.000000e+00, 7.408204e-04, -1.209414e-04, 1.220666e-06,
1700, +3.2996e-08, +1.5992e-04, +6.4805e-05, +6.6335e-03, +1.2624e-08, 0.000000e+00, 7.407965e-04, -1.266953e-04, 1.220744e-06,
1800, +3.2469e-08, +1.5742e-04, +6.3691e-05, +6.5503e-03, +1.2348e-08, 0.000000e+00, 7.407729e-04, -1.258214e-04, 1.220867e-06,
1900, +3.1875e-08, +1.5489e-04, +6.2589e-05, +6.4255e-03, +1.2077e-08, 0.000000e+00, 7.407497e-04, -1.194777e-04, 1.220927e-06,
2000, +3.1273e-08, +1.5201e-04, +6.1943e-05, +6.2575e-03, +1.1811e-08, 0.000000e+00, 7.407267e-04, -1.142707e-04, 1.220898e-06,
2100, +3.0846e-08, +1.4886e-04, +6.1774e-05, +6.1268e-03, +1.1550e-08, 0.000000e+00, 7.407042e-04, -1.155912e-04, 1.220841e-06,
2200, +3.0516e-08, +1.4586e-04, +6.1552e-05, +6.0512e-03, +1.1294e-08, 0.000000e+00, 7.406822e-04, -1.220563e-04, 1.220839e-06,
2300, +3.0141e-08, +1.4329e-04, +6.0886e-05, +5.9970e-03, +1.1042e-08, 0.000000e+00, 7.406605e-04, -1.267682e-04, 1.220924e-06,
2400, +2.9663e-08, +1.4101e-04, +5.9799e-05, +5.9238e-03, +1.0796e-08, 0.000000e+00, 7.406391e-04, -1.249112e-04, 1.221038e-06,
2500, +2.9081e-08, +1.3867e-04, +5.8795e-05, +5.7951e-03, +1.0554e-08, 0.000000e+00, 7.406180e-04, -1.185589e-04, 1.221083e-06,
2600, +2.8529e-08, +1.3588e-04, +5.9042e-05, +5.6411e-03, +1.0317e-08, 0.000000e+00, 7.405973e-04, -1.143942e-04, 1.221051e-06,
2700, +2.8213e-08, +1.3296e-04, +5.8988e-05, +5.5449e-03, +1.0084e-08, 0.000000e+00, 7.405769e-04, -1.166469e-04, 1.220996e-06,
2800, +2.7869e-08, +1.3027e-04, +5.8754e-05, +5.4741e-03, +9.8561e-09, 0.000000e+00, 7.405570e-04, -1.230406e-04, 1.221008e-06,
2900, +2.7515e-08, +1.2793e-04, +5.8043e-05, +5.4280e-03, +9.6325e-09, 0.000000e+00, 7.405374e-04, -1.266634e-04, 1.221096e-06,
3000, +2.7054e-08, +1.2588e-04, +5.6912e-05, +5.3620e-03, +9.4134e-09, 0.000000e+00, 7.405181e-04, -1.239739e-04, 1.221202e-06,
3100, +2.6492e-08, +1.2373e-04, +5.5948e-05, +5.2380e-03, +9.1987e-09, 0.000000e+00, 7.404990e-04, -1.177982e-04, 1.221229e-06,
3200, +2.6003e-08, +1.2125e-04, +5.5382e-05, +5.1022e-03, +8.9884e-09, 0.000000e+00, 7.404802e-04, -1.147076e-04, 1.221196e-06,
3300, +2.5629e-08, +1.1862e-04, +5.5185e-05, +4.9982e-03, +8.7824e-09, 0.000000e+00, 7.404619e-04, -1.177311e-04, 1.221145e-06,
3400, +2.5332e-08, +1.1617e-04, +5.4814e-05, +4.9367e-03, +8.5806e-09, 0.000000e+00, 7.404440e-04, -1.238603e-04, 1.221171e-06,
3500, +2.5003e-08, +1.1408e-04, +5.4114e-05, +4.8986e-03, +8.3830e-09, 0.000000e+00, 7.404263e-04, -1.263938e-04, 1.221260e-06,
3600, +2.4561e-08, +1.1224e-04, +5.3052e-05, +4.8281e-03, +8.1897e-09, 0.000000e+00, 7.404089e-04, -1.230323e-04, 1.221353e-06,
3700, +2.4156e-08, +1.1029e-04, +5.2230e-05, +4.7533e-03, +8.0004e-09, 0.000000e+00, 7.403917e-04, -1.172181e-04, 1.221366e-06,
3800, +2.3701e-08, +1.0804e-04, +5.1723e-05, +4.6170e-03, +7.8151e-09, 0.000000e+00, 7.403748e-04, -1.151760e-04, 1.221331e-06,
3900, +2.3352e-08, +1.0562e-04, +5.1547e-05, +4.5149e-03, +7.6337e-09, 0.000000e+00, 7.403583e-04, -1.188033e-04, 1.221289e-06,
4000, +2.3084e-08, +1.0335e-04, +5.1318e-05, +4.4603e-03, +7.4562e-09, 0.000000e+00, 7.403422e-04, -1.244776e-04, 1.221325e-06,
4100, +2.2803e-08, +1.0147e-04, +5.0627e-05, +4.4291e-03, +7.2826e-09, 0.000000e+00, 7.403264e-04, -1.259893e-04, 1.221414e-06,
4200, +2.2419e-08, +9.9859e-05, +4.9567e-05, +4.3762e-03, +7.1126e-09, 0.000000e+00, 7.403107e-04, -1.221200e-04, 1.221492e-06,
4300, +2.1944e-08, +9.8101e-05, +4.8639e-05, +4.2551e-03, +6.9463e-09, 0.000000e+00, 7.402952e-04, -1.168215e-04, 1.221494e-06,
4400, +2.1543e-08, +9.5981e-05, +4.8211e-05, +4.1305e-03, +6.7835e-09, 0.000000e+00, 7.402801e-04, -1.157565e-04, 1.221457e-06,
4500, +2.1251e-08, +9.3706e-05, +4.8061e-05, +4.3297e-03, +6.6242e-09, 0.000000e+00, 7.402654e-04, -1.198300e-04, 1.221422e-06,
4600, +2.1033e-08, +9.1636e-05, +4.7835e-05, +3.9994e-03, +6.4684e-09, 0.000000e+00, 7.402510e-04, -1.248915e-04, 1.221468e-06,
4700, +2.0792e-08, +9.0004e-05, +4.7045e-05, +3.9847e-03, +6.3160e-09, 0.000000e+00, 7.402367e-04, -1.254752e-04, 1.221552e-06,
4800, +2.0401e-08, +8.8645e-05, +4.5856e-05, +4.1359e-03, +6.1670e-09, 0.000000e+00, 7.402227e-04, -1.212605e-04, 1.221615e-06,
4900, +1.9920e-08, +8.7030e-05, +4.4909e-05, +3.7992e-03, +6.0212e-09, 0.000000e+00, 7.402088e-04, -1.166061e-04, 1.221612e-06,
5000, +1.9549e-08, +8.5021e-05, +4.4572e-05, +3.6800e-03, +5.8786e-09, 0.000000e+00, 7.401953e-04, -1.164343e-04, 1.221573e-06,
5100, +1.9293e-08, +8.2912e-05, +4.4442e-05, +3.9704e-03, +5.7392e-09, 0.000000e+00, 7.401822e-04, -1.207949e-04, 1.221545e-06,
5200, +1.9103e-08, +8.1094e-05, +4.4091e-05, +3.5793e-03, +5.6030e-09, 0.000000e+00, 7.401693e-04, -1.251273e-04, 1.221600e-06,
5300, +1.8848e-08, +7.9734e-05, +4.3163e-05, +3.5677e-03, +5.4698e-09, 0.000000e+00, 7.401566e-04, -1.248747e-04, 1.221676e-06,
5400, +1.8445e-08, +7.8548e-05, +4.1944e-05, +3.8826e-03, +5.3397e-09, 0.000000e+00, 7.401440e-04, -1.204788e-04, 1.221726e-06,
5500, +1.7986e-08, +7.7028e-05, +4.1084e-05, +3.3785e-03, +5.2124e-09, 0.000000e+00, 7.401316e-04, -1.165622e-04, 1.221716e-06,
5600, +1.7654e-08, +7.5107e-05, +4.0850e-05, +3.2681e-03, +5.0880e-09, 0.000000e+00, 7.401196e-04, -1.171806e-04, 1.221678e-06,
5700, +1.7449e-08, +7.3168e-05, +4.0756e-05, +3.8534e-03, +4.9663e-09, 0.000000e+00, 7.401079e-04, -1.216547e-04, 1.221660e-06,
5800, +1.7275e-08, +7.1583e-05, +4.0415e-05, +3.2006e-03, +4.8474e-09, 0.000000e+00, 7.400964e-04, -1.252008e-04, 1.221717e-06,
5900, +1.7027e-08, +7.0453e-05, +3.9432e-05, +3.1925e-03, +4.7313e-09, 0.000000e+00, 7.400851e-04, -1.242167e-04, 1.221787e-06,
6000, +1.6616e-08, +6.9424e-05, +3.8309e-05, +3.6957e-03, +4.6177e-09, 0.000000e+00, 7.400739e-04, -1.198144e-04, 1.221828e-06,
6100, +1.6187e-08, +6.7977e-05, +3.7646e-05, +2.9953e-03, +4.5068e-09, 0.000000e+00, 7.400629e-04, -1.166709e-04, 1.221811e-06,
6200, +1.5915e-08, +6.6179e-05, +3.7553e-05, +3.0209e-03, +4.3983e-09, 0.000000e+00, 7.400522e-04, -1.179680e-04, 1.221776e-06,
6300, +1.5760e-08, +6.4442e-05, +3.7496e-05, +3.6206e-03, +4.2922e-09, 0.000000e+00, 7.400418e-04, -1.223742e-04, 1.221766e-06,
6400, +1.5606e-08, +6.3133e-05, +3.7034e-05, +2.8641e-03, +4.1887e-09, 0.000000e+00, 7.400316e-04, -1.251294e-04, 1.221828e-06,
6500, +1.5355e-08, +6.2214e-05, +3.6043e-05, +3.1271e-03, +4.0876e-09, 0.000000e+00, 7.400215e-04, -1.235321e-04, 1.221892e-06,
6600, +1.4953e-08, +6.1285e-05, +3.4928e-05, +3.3835e-03, +3.9888e-09, 0.000000e+00, 7.400115e-04, -1.192806e-04, 1.221917e-06,
6700, +1.4574e-08, +5.9907e-05, +3.4444e-05, +2.6533e-03, +3.8923e-09, 0.000000e+00, 7.400018e-04, -1.169055e-04, 1.221898e-06,
6800, +1.4351e-08, +5.8221e-05, +3.4370e-05, +3.1521e-03, +3.7979e-09, 0.000000e+00, 7.399924e-04, -1.187571e-04, 1.221865e-06,
6900, +1.4232e-08, +5.6680e-05, +3.4320e-05, +3.1938e-03, +3.7058e-09, 0.000000e+00, 7.399832e-04, -1.229369e-04, 1.221866e-06,
7000, +1.4086e-08, +5.5588e-05, +3.3716e-05, +2.5565e-03, +3.6158e-09, 0.000000e+00, 7.399741e-04, -1.249332e-04, 1.221928e-06,
7100, +1.3822e-08, +5.4835e-05, +3.2693e-05, +3.2533e-03, +3.5280e-09, 0.000000e+00, 7.399651e-04, -1.228570e-04, 1.221983e-06,
7200, +1.3434e-08, +5.3973e-05, +3.1651e-05, +2.9053e-03, +3.4422e-09, 0.000000e+00, 7.399563e-04, -1.188836e-04, 1.221997e-06,
7300, +1.3087e-08, +5.2643e-05, +3.1273e-05, +2.3403e-03, +3.3582e-09, 0.000000e+00, 7.399477e-04, -1.172468e-04, 1.221976e-06,
7400, +1.2912e-08, +5.1072e-05, +3.1274e-05, +3.1832e-03, +3.2762e-09, 0.000000e+00, 7.399394e-04, -1.195222e-04, 1.221948e-06,
7500, +1.2817e-08, +4.9742e-05, +3.1181e-05, +2.7133e-03, +3.1961e-09, 0.000000e+00, 7.399312e-04, -1.233504e-04, 1.221956e-06,
7600, +1.2665e-08, +4.8854e-05, +3.0484e-05, +2.2771e-03, +3.1178e-09, 0.000000e+00, 7.399232e-04, -1.246371e-04, 1.222016e-06,
7700, +1.2395e-08, +4.8242e-05, +2.9485e-05, +3.1512e-03, +3.0414e-09, 0.000000e+00, 7.399153e-04, -1.222157e-04, 1.222063e-06,
7800, +1.2015e-08, +4.7428e-05, +2.8555e-05, +2.4457e-03, +2.9668e-09, 0.000000e+00, 7.399075e-04, -1.186230e-04, 1.222068e-06,
7900, +1.1714e-08, +4.6148e-05, +2.8350e-05, +2.0608e-03, +2.8938e-09, 0.000000e+00, 7.398999e-04, -1.176713e-04, 1.222045e-06,
8000, +1.1584e-08, +4.4705e-05, +2.8404e-05, +3.0885e-03, +2.8224e-09, 0.000000e+00, 7.398925e-04, -1.202333e-04, 1.222023e-06,
8100, +1.1501e-08, +4.3585e-05, +2.8236e-05, +2.1946e-03, +2.7528e-09, 0.000000e+00, 7.398854e-04, -1.236308e-04, 1.222039e-06,
8200, +1.1341e-08, +4.2885e-05, +2.7526e-05, +2.2521e-03, +2.6848e-09, 0.000000e+00, 7.398783e-04, -1.242671e-04, 1.222095e-06,
8300, +1.1061e-08, +4.2368e-05, +2.6508e-05, +3.0214e-03, +2.6184e-09, 0.000000e+00, 7.398713e-04, -1.216310e-04, 1.222132e-06,
8400, +1.0710e-08, +4.1568e-05, +2.5778e-05, +2.0057e-03, +2.5535e-09, 0.000000e+00, 7.398644e-04, -1.184888e-04, 1.222130e-06,
8500, +1.0447e-08, +4.0325e-05, +2.5632e-05, +2.1378e-03, +2.4901e-09, 0.000000e+00, 7.398578e-04, -1.181481e-04, 1.222107e-06,
8600, +1.0306e-08, +3.9018e-05, +2.5692e-05, +2.9315e-03, +2.4280e-09, 0.000000e+00, 7.398513e-04, -1.208750e-04, 1.222091e-06,
8700, +1.0212e-08, +3.8066e-05, +2.5422e-05, +1.7612e-03, +2.3674e-09, 0.000000e+00, 7.398450e-04, -1.237837e-04, 1.222112e-06,
8800, +1.0055e-08, +3.7518e-05, +2.4645e-05, +2.3100e-03, +2.3081e-09, 0.000000e+00, 7.398387e-04, -1.238532e-04, 1.222163e-06,
8900, +9.7894e-09, +3.7073e-05, +2.3647e-05, +2.8447e-03, +2.2503e-09, 0.000000e+00, 7.398326e-04, -1.211164e-04, 1.222192e-06,
9000, +9.4861e-09, +3.6291e-05, +2.3046e-05, +1.6379e-03, +2.1937e-09, 0.000000e+00, 7.398265e-04, -1.184680e-04, 1.222185e-06,
9100, +9.2858e-09, +3.5133e-05, +2.2961e-05, +2.4096e-03, +2.1383e-09, 0.000000e+00, 7.398207e-04, -1.186571e-04, 1.222163e-06,
9200, +9.3891e-09, +3.3983e-05, +2.3081e-05, +2.7868e-03, +2.0842e-09, 0.000000e+00, 7.398150e-04, -1.214313e-04, 1.222153e-06,
9300, +9.1453e-09, +3.3225e-05, +2.2688e-05, +1.5636e-03, +2.0314e-09, 0.000000e+00, 7.398095e-04, -1.238265e-04, 1.222178e-06,
9400, +8.9729e-09, +3.2824e-05, +2.1897e-05, +2.4651e-03, +1.9799e-09, 0.000000e+00, 7.398040e-04, -1.234142e-04, 1.222224e-06,
9500, +8.8047e-09, +3.2424e-05, +2.0987e-05, +2.6513e-03, +1.9295e-09, 0.000000e+00, 7.397986e-04, -1.206901e-04, 1.222244e-06,
9600, +8.4339e-09, +3.1647e-05, +2.0556e-05, +1.4271e-03, +1.8803e-09, 0.000000e+00, 7.397933e-04, -1.185492e-04, 1.222235e-06,
9700, +8.4354e-09, +3.0565e-05, +2.0584e-05, +2.5200e-03, +1.8322e-09, 0.000000e+00, 7.397882e-04, -1.191766e-04, 1.222214e-06,
9800, +8.6515e-09, +2.9570e-05, +2.0656e-05, +2.5889e-03, +1.7853e-09, 0.000000e+00, 7.397832e-04, -1.218810e-04, 1.222210e-06,
9900, +8.1550e-09, +2.8990e-05, +2.0244e-05, +1.3846e-03, +1.7395e-09, 0.000000e+00, 7.397784e-04, -1.237739e-04, 1.222236e-06,
10000, +8.4030e-09, +2.8699e-05, +1.9418e-05, +2.5476e-03, +1.6949e-09, 0.000000e+00, 7.397736e-04, -1.229693e-04, 1.222275e-06,
10100, +7.9179e-09, +2.8314e-05, +1.8643e-05, +2.3896e-03, +1.6513e-09, 0.000000e+00, 7.397688e-04, -1.203638e-04, 1.222287e-06,
10200, +7.4781e-09, +2.7553e-05, +1.8338e-05, +1.2425e-03, +1.6087e-09, 0.000000e+00, 7.397642e-04, -1.187102e-04, 1.222278e-06,
10300, +8.3497e-09, +2.6551e-05, +1.8457e-05, +2.5142e-03, +1.5671e-09, 0.000000e+00, 7.397597e-04, -1.196862e-04, 1.222260e-06,
10400, +7.7581e-09, +2.5720e-05, +1.8457e-05, +2.2996e-03, +1.5265e-09, 0.000000e+00, 7.397554e-04, -1.222233e-04, 1.222260e-06,
10500, +7.2404e-09, +2.5285e-05, +1.7986e-05, +1.2223e-03, +1.4869e-09, 0.000000e+00, 7.397511e-04, -1.236464e-04, 1.222286e-06,
10600, +8.1080e-09, +2.5060e-05, +1.7195e-05, +2.4531e-03, +1.4484e-09, 0.000000e+00, 7.397469e-04, -1.225443e-04, 1.222320e-06,
10700, +6.8307e-09, +2.4681e-05, +1.6533e-05, +2.0549e-03, +1.4107e-09, 0.000000e+00, 7.397428e-04, -1.201310e-04, 1.222326e-06,
10800, +6.6183e-09, +2.3937e-05, +1.6388e-05, +1.3565e-03, +1.3739e-09, 0.000000e+00, 7.397387e-04, -1.189277e-04, 1.222316e-06,
10900, +8.0419e-09, +2.3022e-05, +1.6513e-05, +2.4086e-03, +1.3379e-09, 0.000000e+00, 7.397349e-04, -1.201617e-04, 1.222301e-06,
11000, +6.5804e-09, +2.2345e-05, +1.6465e-05, +1.9497e-03, +1.3028e-09, 0.000000e+00, 7.397311e-04, -1.224663e-04, 1.222306e-06,
11100, +6.4186e-09, +2.2034e-05, +1.5953e-05, +1.4087e-03, +1.2687e-09, 0.000000e+00, 7.397274e-04, -1.234637e-04, 1.222330e-06,
11200, +7.7611e-09, +2.1863e-05, +1.5181e-05, +2.3448e-03, +1.2354e-09, 0.000000e+00, 7.397237e-04, -1.221500e-04, 1.222358e-06,
11300, +6.0857e-09, +2.1469e-05, +1.4683e-05, +1.8222e-03, +1.2029e-09, 0.000000e+00, 7.397201e-04, -1.199827e-04, 1.222361e-06,
11400, +5.8493e-09, +2.0743e-05, +1.4627e-05, +1.5035e-03, +1.1711e-09, 0.000000e+00, 7.397166e-04, -1.191875e-04, 1.222350e-06,
11500, +7.8179e-09, +1.9940e-05, +1.4765e-05, +2.3337e-03, +1.1402e-09, 0.000000e+00, 7.397132e-04, -1.205901e-04, 1.222338e-06,
11600, +5.7646e-09, +1.9403e-05, +1.4630e-05, +1.6755e-03, +1.1100e-09, 0.000000e+00, 7.397099e-04, -1.226278e-04, 1.222345e-06,
11700, +5.6754e-09, +1.9187e-05, +1.4105e-05, +1.5130e-03, +1.0806e-09, 0.000000e+00, 7.397067e-04, -1.232430e-04, 1.222369e-06,
11800, +7.4741e-09, +1.9043e-05, +1.3380e-05, +2.2518e-03, +1.0520e-09, 0.000000e+00, 7.397034e-04, -1.218040e-04, 1.222390e-06,
11900, +5.3034e-09, +1.8632e-05, +1.3009e-05, +1.5759e-03, +1.0240e-09, 0.000000e+00, 7.397003e-04, -1.199098e-04, 1.222392e-06,
12000, +5.4273e-09, +1.7934e-05, +1.3034e-05, +1.5646e-03, +9.9676e-10, 0.000000e+00, 7.396972e-04, -1.194719e-04, 1.222380e-06,
12100, +7.4056e-09, +1.7248e-05, +1.3142e-05, +2.2062e-03, +9.7017e-10, 0.000000e+00, 7.396943e-04, -1.209569e-04, 1.222371e-06,
12200, +5.1122e-09, +1.6840e-05, +1.2941e-05, +1.4248e-03, +9.4429e-10, 0.000000e+00, 7.396915e-04, -1.227159e-04, 1.222380e-06,
12300, +5.2020e-09, +1.6702e-05, +1.2377e-05, +1.5663e-03, +9.1912e-10, 0.000000e+00, 7.396886e-04, -1.229978e-04, 1.222403e-06,
12400, +6.9990e-09, +1.6551e-05, +1.1779e-05, +2.1030e-03, +8.9461e-10, 0.000000e+00, 7.396858e-04, -1.215135e-04, 1.222417e-06,
12500, +4.6821e-09, +1.6126e-05, +1.1510e-05, +1.3128e-03, +8.7069e-10, 0.000000e+00, 7.396831e-04, -1.198954e-04, 1.222418e-06,
12600, +5.3482e-09, +1.5484e-05, +1.1591e-05, +1.5494e-03, +8.4735e-10, 0.000000e+00, 7.396805e-04, -1.197630e-04, 1.222407e-06,
12700, +6.9220e-09, +1.4922e-05, +1.1629e-05, +2.0569e-03, +8.2461e-10, 0.000000e+00, 7.396779e-04, -1.212571e-04, 1.222401e-06,
12800, +4.5219e-09, +1.4615e-05, +1.1396e-05, +1.1650e-03, +8.0251e-10, 0.000000e+00, 7.396754e-04, -1.227459e-04, 1.222410e-06,
12900, +5.2702e-09, +1.4516e-05, +1.0858e-05, +1.5913e-03, +7.8102e-10, 0.000000e+00, 7.396730e-04, -1.227483e-04, 1.222431e-06,
13000, +6.3763e-09, +1.4353e-05, +1.0356e-05, +1.9103e-03, +7.6010e-10, 0.000000e+00, 7.396705e-04, -1.212790e-04, 1.222442e-06,
13100, +4.1263e-09, +1.3930e-05, +1.0183e-05, +1.0660e-03, +7.3969e-10, 0.000000e+00, 7.396682e-04, -1.199266e-04, 1.222442e-06,
13200, +5.0302e-09, +1.3358e-05, +1.0278e-05, +1.5060e-03, +7.1977e-10, 0.000000e+00, 7.396659e-04, -1.200470e-04, 1.222431e-06,
13300, +6.2306e-09, +1.2898e-05, +1.0268e-05, +1.8464e-03, +7.0039e-10, 0.000000e+00, 7.396637e-04, -1.214984e-04, 1.222427e-06,
13400, +3.9910e-09, +1.2669e-05, +1.0009e-05, +9.7812e-04, +6.8156e-10, 0.000000e+00, 7.396616e-04, -1.227313e-04, 1.222435e-06,
13500, +5.1733e-09, +1.2590e-05, +9.5101e-06, +1.5564e-03, +6.6324e-10, 0.000000e+00, 7.396594e-04, -1.225036e-04, 1.222454e-06,
13600, +5.5904e-09, +1.2417e-05, +9.0934e-06, +1.6699e-03, +6.4540e-10, 0.000000e+00, 7.396573e-04, -1.210924e-04, 1.222463e-06,
13700, +3.6338e-09, +1.2014e-05, +8.9845e-06, +8.9817e-04, +6.2799e-10, 0.000000e+00, 7.396553e-04, -1.199937e-04, 1.222462e-06,
13800, +5.2536e-09, +1.1507e-05, +9.0688e-06, +1.5701e-03, +6.1100e-10, 0.000000e+00, 7.396533e-04, -1.203208e-04, 1.222452e-06,
13900, +5.3088e-09, +1.1126e-05, +9.0298e-06, +1.5683e-03, +5.9448e-10, 0.000000e+00, 7.396514e-04, -1.216932e-04, 1.222449e-06,
14000, +3.5173e-09, +1.0964e-05, +8.7477e-06, +8.1427e-04, +5.7842e-10, 0.000000e+00, 7.396495e-04, -1.226775e-04, 1.222458e-06,
14100, +5.0854e-09, +1.0904e-05, +8.2793e-06, +1.5341e-03, +5.6280e-10, 0.000000e+00, 7.396477e-04, -1.222701e-04, 1.222474e-06,
14200, +4.9913e-09, +1.0721e-05, +7.9482e-06, +1.4933e-03, +5.4759e-10, 0.000000e+00, 7.396459e-04, -1.209478e-04, 1.222482e-06,
14300, +3.1959e-09, +1.0336e-05, +7.8861e-06, +7.8045e-04, +5.3274e-10, 0.000000e+00, 7.396441e-04, -1.200911e-04, 1.222479e-06,
14400, +5.2438e-09, +9.8972e-06, +7.9675e-06, +1.5637e-03, +5.1827e-10, 0.000000e+00, 7.396424e-04, -1.205709e-04, 1.222471e-06,
14500, +4.7164e-09, +9.5924e-06, +7.9018e-06, +1.4093e-03, +5.0420e-10, 0.000000e+00, 7.396408e-04, -1.218459e-04, 1.222469e-06,
14600, +3.0903e-09, +9.4846e-06, +7.5993e-06, +8.2727e-04, +4.9054e-10, 0.000000e+00, 7.396391e-04, -1.225952e-04, 1.222478e-06,
14700, +5.0627e-09, +9.4329e-06, +7.1939e-06, +1.5222e-03, +4.7726e-10, 0.000000e+00, 7.396375e-04, -1.220586e-04, 1.222491e-06,
14800, +4.4709e-09, +9.2420e-06, +6.9395e-06, +1.3356e-03, +4.6433e-10, 0.000000e+00, 7.396360e-04, -1.208423e-04, 1.222498e-06,
14900, +2.8523e-09, +8.8855e-06, +6.9229e-06, +8.1914e-04, +4.5172e-10, 0.000000e+00, 7.396344e-04, -1.202097e-04, 1.222494e-06,
15000, +5.0119e-09, +8.5102e-06, +6.9933e-06, +1.5012e-03, +4.3943e-10, 0.000000e+00, 7.396330e-04, -1.207965e-04, 1.222487e-06,
15100, +4.1577e-09, +8.2690e-06, +6.9172e-06, +1.2403e-03, +4.2750e-10, 0.000000e+00, 7.396316e-04, -1.219585e-04, 1.222486e-06,
15200, +2.9381e-09, +8.2008e-06, +6.6160e-06, +8.8091e-04, +4.1593e-10, 0.000000e+00, 7.396302e-04, -1.224931e-04, 1.222495e-06,
15300, +4.8485e-09, +8.1514e-06, +6.2703e-06, +1.4549e-03, +4.0468e-10, 0.000000e+00, 7.396288e-04, -1.218696e-04, 1.222506e-06,
15400, +3.8844e-09, +7.9547e-06, +6.0813e-06, +1.1586e-03, +3.9372e-10, 0.000000e+00, 7.396274e-04, -1.207734e-04, 1.222512e-06,
15500, +2.9814e-09, +7.6277e-06, +6.1052e-06, +8.9209e-04, +3.8303e-10, 0.000000e+00, 7.396261e-04, -1.203418e-04, 1.222508e-06,
15600, +4.6778e-09, +7.3070e-06, +6.1528e-06, +1.3959e-03, +3.7263e-10, 0.000000e+00, 7.396249e-04, -1.209962e-04, 1.222501e-06,
15700, +3.5790e-09, +7.1211e-06, +6.0684e-06, +1.0747e-03, +3.6254e-10, 0.000000e+00, 7.396237e-04, -1.220334e-04, 1.222501e-06,
15800, +3.0935e-09, +7.0811e-06, +5.7668e-06, +9.3366e-04, +3.5274e-10, 0.000000e+00, 7.396225e-04, -1.223781e-04, 1.222509e-06,
15900, +4.4323e-09, +7.0263e-06, +5.4756e-06, +1.3279e-03, +3.4321e-10, 0.000000e+00, 7.396213e-04, -1.217039e-04, 1.222520e-06,
16000, +3.3322e-09, +6.8273e-06, +5.3459e-06, +1.0022e-03, +3.3392e-10, 0.000000e+00, 7.396201e-04, -1.207369e-04, 1.222525e-06,
16100, +3.0404e-09, +6.5348e-06, +5.3744e-06, +9.0882e-04, +3.2485e-10, 0.000000e+00, 7.396190e-04, -1.204802e-04, 1.222519e-06,
16200, +4.1900e-09, +6.2619e-06, +5.4124e-06, +1.2476e-03, +3.1604e-10, 0.000000e+00, 7.396179e-04, -1.211696e-04, 1.222514e-06,
16300, +3.0981e-09, +6.1228e-06, +5.3047e-06, +9.2977e-04, +3.0747e-10, 0.000000e+00, 7.396169e-04, -1.220743e-04, 1.222514e-06,
16400, +3.1545e-09, +6.1018e-06, +5.0223e-06, +9.4736e-04, +2.9916e-10, 0.000000e+00, 7.396158e-04, -1.222569e-04, 1.222522e-06,
16500, +3.9113e-09, +6.0406e-06, +4.7709e-06, +1.1687e-03, +2.9107e-10, 0.000000e+00, 7.396148e-04, -1.215618e-04, 1.222531e-06,
16600, +2.9620e-09, +5.8487e-06, +4.6871e-06, +8.8712e-04, +2.8318e-10, 0.000000e+00, 7.396138e-04, -1.207291e-04, 1.222535e-06,
16700, +2.9716e-09, +5.5854e-06, +4.7197e-06, +8.9090e-04, +2.7549e-10, 0.000000e+00, 7.396128e-04, -1.206194e-04, 1.222530e-06,
16800, +3.6293e-09, +5.3564e-06, +4.7487e-06, +1.0852e-03, +2.6800e-10, 0.000000e+00, 7.396119e-04, -1.213171e-04, 1.222525e-06,
16900, +2.7241e-09, +5.2573e-06, +4.6183e-06, +8.1551e-04, +2.6074e-10, 0.000000e+00, 7.396110e-04, -1.220867e-04, 1.222526e-06,
17000, +3.0559e-09, +5.2488e-06, +4.3626e-06, +9.2078e-04, +2.5369e-10, 0.000000e+00, 7.396101e-04, -1.221352e-04, 1.222533e-06,
17100, +3.5087e-09, +5.1809e-06, +4.1504e-06, +1.0504e-03, +2.4683e-10, 0.000000e+00, 7.396093e-04, -1.214439e-04, 1.222542e-06,
17200, +2.5857e-09, +4.9983e-06, +4.0984e-06, +7.7287e-04, +2.4013e-10, 0.000000e+00, 7.396084e-04, -1.207447e-04, 1.222544e-06,
17300, +3.0302e-09, +4.7622e-06, +4.1373e-06, +9.1017e-04, +2.3360e-10, 0.000000e+00, 7.396076e-04, -1.207544e-04, 1.222539e-06,
17400, +3.3763e-09, +4.5726e-06, +4.1518e-06, +1.0097e-03, +2.2726e-10, 0.000000e+00, 7.396068e-04, -1.214382e-04, 1.222534e-06,
17500, +2.4313e-09, +4.5059e-06, +4.0116e-06, +7.3003e-04, +2.2110e-10, 0.000000e+00, 7.396060e-04, -1.220757e-04, 1.222536e-06,
17600, +2.9585e-09, +4.5050e-06, +3.7711e-06, +8.9426e-04, +2.1512e-10, 0.000000e+00, 7.396053e-04, -1.220173e-04, 1.222543e-06,
17700, +3.2463e-09, +4.4334e-06, +3.6011e-06, +9.7108e-04, +2.0930e-10, 0.000000e+00, 7.396045e-04, -1.213503e-04, 1.222550e-06,
17800, +2.2586e-09, +4.2589e-06, +3.5718e-06, +6.7929e-04, +2.0361e-10, 0.000000e+00, 7.396038e-04, -1.207787e-04, 1.222551e-06,
17900, +2.9915e-09, +4.0474e-06, +3.6176e-06, +8.9684e-04, +1.9807e-10, 0.000000e+00, 7.396031e-04, -1.208820e-04, 1.222546e-06,
18000, +3.0588e-09, +3.8951e-06, +3.6129e-06, +9.1412e-04, +1.9268e-10, 0.000000e+00, 7.396024e-04, -1.215325e-04, 1.222542e-06,
18100, +2.1518e-09, +3.8586e-06, +3.4631e-06, +6.4592e-04, +1.8745e-10, 0.000000e+00, 7.396017e-04, -1.220465e-04, 1.222544e-06,
18200, +2.8794e-09, +3.8592e-06, +3.2447e-06, +8.6817e-04, +1.8237e-10, 0.000000e+00, 7.396011e-04, -1.219073e-04, 1.222551e-06,
18300, +2.9042e-09, +3.7830e-06, +3.1103e-06, +8.6823e-04, +1.7742e-10, 0.000000e+00, 7.396004e-04, -1.212803e-04, 1.222558e-06,
18400, +1.9958e-09, +3.6175e-06, +3.1045e-06, +5.9613e-04, +1.7257e-10, 0.000000e+00, 7.395998e-04, -1.208259e-04, 1.222557e-06,
18500, +2.8312e-09, +3.4329e-06, +3.1484e-06, +8.4747e-04, +1.6785e-10, 0.000000e+00, 7.395992e-04, -1.209985e-04, 1.222553e-06,
18600, +2.7099e-09, +3.3163e-06, +3.1257e-06, +8.1442e-04, +1.6327e-10, 0.000000e+00, 7.395986e-04, -1.216027e-04, 1.222549e-06,
18700, +1.8657e-09, +3.3017e-06, +2.9714e-06, +5.5652e-04, +1.5882e-10, 0.000000e+00, 7.395981e-04, -1.220053e-04, 1.222552e-06,
18800, +2.7120e-09, +3.3010e-06, +2.7794e-06, +8.1564e-04, +1.5450e-10, 0.000000e+00, 7.395975e-04, -1.218078e-04, 1.222558e-06,
18900, +2.5334e-09, +3.2214e-06, +2.6777e-06, +7.6199e-04, +1.5028e-10, 0.000000e+00, 7.395969e-04, -1.212315e-04, 1.222564e-06,
19000, +1.7482e-09, +3.0662e-06, +2.6892e-06, +5.2587e-04, +1.4616e-10, 0.000000e+00, 7.395964e-04, -1.208814e-04, 1.222563e-06,
19100, +2.6234e-09, +2.9093e-06, +2.7281e-06, +7.8405e-04, +1.4215e-10, 0.000000e+00, 7.395959e-04, -1.211014e-04, 1.222559e-06,
19200, +2.4286e-09, +2.8253e-06, +2.6886e-06, +7.2940e-04, +1.3827e-10, 0.000000e+00, 7.395954e-04, -1.216511e-04, 1.222555e-06,
19300, +1.6439e-09, +2.8254e-06, +2.5352e-06, +4.9238e-04, +1.3452e-10, 0.000000e+00, 7.395949e-04, -1.219567e-04, 1.222558e-06,
19400, +2.4968e-09, +2.8202e-06, +2.3732e-06, +7.4911e-04, +1.3085e-10, 0.000000e+00, 7.395944e-04, -1.217216e-04, 1.222564e-06,
19500, +2.3045e-09, +2.7378e-06, +2.3023e-06, +6.9265e-04, +1.2727e-10, 0.000000e+00, 7.395940e-04, -1.212016e-04, 1.222569e-06,
19600, +1.6202e-09, +2.5969e-06, +2.3243e-06, +4.8672e-04, +1.2432e-10, 0.000000e+00, 7.395935e-04, -1.209400e-04, 1.222568e-06,
19700, +2.3781e-09, +2.4667e-06, +2.3550e-06, +7.0962e-04, +1.2238e-10, 0.000000e+00, 7.395931e-04, -1.211888e-04, 1.222563e-06,
19800, +2.1435e-09, +2.4086e-06, +2.3039e-06, +6.4456e-04, +1.2047e-10, 0.000000e+00, 7.395927e-04, -1.216812e-04, 1.222561e-06,
19900, +1.6791e-09, +2.4176e-06, +2.1578e-06, +5.0309e-04, +1.1859e-10, 0.000000e+00, 7.395923e-04, -1.219058e-04, 1.222563e-06,
